time,NEE_SOLO_EC,GPP_SOLO_EC,ER_SOLO_EC,ET_EC,Ta_EC,Sws_EC,RH_EC,Precip_EC,Fn_EC,Fe_EC,Fh_EC,Fsd_EC,Fld_EC,CO2_EC,VPD_EC,VegH_EC,aspect_RS,BS_RS,CO2_RS,elevation_RS,LST_RS,LST-Tair_RS,Landcover_RS,month_RS,NDVI_RS,NDVI_anom_RS,NPV_RS,PV_RS,soil_moisture_RS,VegH_RS,WCF_RS,rain_RS,rain_anom_RS,rain_cml12_RS,rain_cml12_anom_RS,rain_cml3_RS,rain_cml3_anom_RS,rain_cml6_RS,rain_cml6_anom_RS,srad_RS,srad_anom_RS,tavg_RS,tavg_anom_RS,vpd_RS,x_coord,y_coord
2009-02-15,5.017246486770931,178.65294791408553,183.67019440085647,117.79599744303374,26.074931512673412,0.3434535445422866,94.58619565876272,5.099999999999984,121.4087695826147,119.47100666593403,8.19663598730676,181.82354249999997,442.7165023256272,387.93543768007595,1.8693594485003828,26.0,,3.4653687,383.924,104.84861,302.67712,2.3565788,10,2.0,0.84007853,1.1036519,12.825454,82.76563,,19.855402,71.68523,656.70905,1.172479,3725.5513,1.1941646,2018.7351,1.4739956,2263.1758,1.3446295,19.174213,0.9558649,27.170551,0.99312633,8.9607315,145.42715,-16.238189
2009-03-15,-40.376325865505066,186.9006358595443,146.52430999403924,126.4338586037376,25.409476113054296,0.3202403409120153,89.32722032073211,20.0,127.7760994939488,115.82217572809536,5.6359155756760915,159.2814372960499,427.1530085674708,376.101011521699,3.539213698048069,26.0,,3.4653687,383.596,104.84861,298.13852,-1.4278545,10,3.0,0.8160681,1.0610046,12.825454,82.76563,,19.855402,71.68523,170.11769,0.26551718,2795.3906,0.8946285,1894.2725,1.1067882,2369.293,1.0396389,19.0756,1.0668355,26.41638,0.99751014,11.445616,145.42715,-16.238189
2009-04-15,-56.31990804914006,106.23766368862184,49.91775563948179,99.68781585825445,24.586084756813822,0.3004258565791304,88.17113753854431,301.79999999999995,95.98547735272113,94.36497877693407,5.858916665880773,116.92251487642073,419.6033036141146,376.4594808832965,3.7302217159482685,26.0,,3.4653687,383.5,104.84861,299.9052,1.1817303,10,4.0,0.8118847,1.0346357,12.825454,82.76563,,19.855402,71.68523,324.13278,0.8234624,3023.5803,0.96277887,1150.9595,0.71603036,2571.9941,0.99340206,17.91987,1.0882818,25.573488,1.0139706,11.644392,145.42715,-16.238189
2009-05-15,-84.47398183257701,131.2118519159104,46.73787008333338,106.8225608481668,22.82062042029781,0.3110189062413369,88.51976646955958,194.14999999999998,72.8705957522599,97.85686801712292,-4.193798748783236,123.83545018785854,412.225383095383,377.8549988064728,3.247206059510024,26.0,,3.4653687,383.726,104.84861,296.25247,0.07138443,10,5.0,0.8411119,1.0626824,12.825454,82.76563,,19.855402,71.68523,170.45297,0.93249404,3080.6636,0.98149884,664.7035,0.54056454,2683.4385,1.032404,14.6568775,1.0038409,23.031094,0.97969383,9.488611,145.42715,-16.238189
2009-06-15,-36.82737834136696,140.29691249152967,103.46953415016267,80.08578464814498,22.35442985020283,0.2897975128461796,89.60784943463254,29.900000000000002,90.35801971028536,75.80959923329033,5.950709716941859,116.60972291724696,402.0678130493905,371.0432688022907,2.8556043761433436,26.0,,3.4653687,384.016,104.84861,295.7877,0.15789223,10,6.0,0.8292561,1.0357556,12.825454,82.76563,,19.855402,71.68523,23.809824,0.25881693,3047.7903,0.970409,518.39557,0.77083534,2412.668,1.0120187,15.235764,1.08685,22.479803,1.0293034,10.19862,145.42715,-16.238189
2009-07-15,-48.52705962343027,129.6004498741158,81.07339025068553,83.03567449902735,21.80058406378618,0.27206030724547925,89.22111354083046,77.08846153846154,77.11042311599178,76.06643180660599,2.2143367507747285,102.67428430766164,393.16457086314915,371.9757501777721,2.8614457656324324,26.0,,3.4653687,384.417,104.84861,296.03848,1.6777134,10,7.0,0.82892793,1.0285847,12.825454,82.76563,,19.855402,71.68523,25.700241,0.32840362,2991.8914,0.95153624,219.96304,0.6262656,1370.9225,0.69993365,15.604807,1.1048048,21.210775,1.0048138,11.632005,145.42715,-16.238189
2009-08-15,-64.26308755723439,168.09056578641915,103.82747822918478,81.56041468966731,22.13314097498791,0.2656223634650167,89.74464750530126,25.4,118.25712656975332,74.71499159295388,24.2199983534528,164.88089510935782,395.2832685535855,367.84129168243055,2.7794847651950088,26.0,,3.4653687,384.882,104.84861,295.8874,0.26843643,10,8.0,0.82403827,1.049779,12.825454,82.76563,,19.855402,71.68523,23.51426,0.38069203,3000.9033,0.9534929,73.02432,0.3113977,737.72784,0.5038602,17.886248,1.0562047,22.46896,1.0315161,12.848375,145.42715,-16.238189
2009-09-15,-50.67775065368602,183.6953268718466,133.01757621816057,72.30811036856815,23.4909947488575,0.23421336093577447,83.69541287929404,10.400000000000002,138.20828412765138,68.44721435197485,38.174862107037306,162.14239955954127,403.44089040759604,360.6617011129377,4.806955541090267,26.0,,3.4653687,385.098,104.84861,298.80786,1.235466,10,9.0,0.793852,1.0447423,12.825454,82.76563,,19.855402,71.68523,12.418648,0.22523053,2949.3215,0.93780845,61.63315,0.3186176,580.02875,0.6698174,21.265192,1.054019,24.422401,1.033966,16.251228,145.42715,-16.238189
2009-10-15,-34.209235825039826,183.1471282861485,148.93789246110867,78.7952270916442,23.986582907756173,0.22949643317865087,72.57784391997049,33.0,140.8297902543021,72.1818881392093,42.81471632872936,180.0157903644874,405.3984934742039,347.30341312805376,8.335226274416977,26.0,,3.4653687,385.213,104.84861,302.1771,3.7401676,10,10.0,0.7534442,1.0014875,12.825454,82.76563,,19.855402,71.68523,38.924644,0.4350302,2866.8145,0.91125214,74.85755,0.3638974,294.8206,0.5293577,23.270449,1.0267688,25.286932,0.99209243,17.786776,145.42715,-16.238189
2009-11-15,-14.773987397015926,159.94687150296207,145.17288410594614,90.38321659174322,24.61772227510648,0.28156114171978847,87.0990222012662,212.39999999999998,120.66383510647445,85.5571991626162,15.816416772623713,183.53940739597465,415.36155266104004,369.5239121879709,4.076201069418061,26.0,,3.4653687,385.19,104.84861,299.89453,0.6184349,10,11.0,0.77315354,1.0492842,12.825454,82.76563,,19.855402,71.68523,274.71344,1.5952331,3082.5193,0.9790688,326.05673,1.0360844,399.08105,0.726651,20.774378,0.9536216,26.126102,0.9714622,15.116316,145.42715,-16.238189
2009-12-15,13.298718241163467,188.41746656041386,201.71618480157736,104.84074211185322,25.51295714473246,0.28031100684199306,92.5291533295481,301.2,135.73771336764415,96.04138472432908,15.143238379694628,213.0672870190664,428.13669690399104,380.1179529918797,2.4930731202024994,26.0,,3.4653687,385.107,104.84861,300.90237,0.17966843,10,12.0,0.78373367,1.0578756,12.825454,82.76563,,19.855402,71.68523,177.29047,0.5690977,2965.2295,0.94039875,490.92856,0.85274005,552.5617,0.7184091,22.486477,0.99676436,27.572712,0.9976873,15.757911,145.42715,-16.238189
2010-01-15,21.704374841722828,201.43668637606152,223.14106121778434,125.55200925647735,25.385332483482202,0.3368903618886925,96.75697520882026,1031.0689795918368,115.58150891022086,115.01434061816491,-7.066795738922221,174.70907650992405,441.1816013199223,376.1859805930104,1.0738432715554211,26.0,,3.7360697,385.073,104.84861,300.04755,-0.2694664,10,1.0,0.78654337,1.0403357,11.637647,83.594826,,19.855402,46.549473,859.8169,1.6155602,2757.601,0.8811132,1311.8208,1.3363296,1386.6783,1.1695728,16.853996,0.8506215,27.167019,0.98391414,9.270666,145.42715,-16.238189
2010-02-15,81.42969231798408,140.02600955155913,221.4557018695432,123.07019703278665,26.167059762225936,0.34028280071097594,96.98535816413158,955.2,129.2792597371237,124.8202031413878,6.270197312716737,186.86046924784245,442.19387407225855,390.86627185038463,1.0467694587650878,26.0,,3.7360697,384.816,104.84861,301.15613,0.29916382,10,2.0,0.8017161,1.0532532,11.637647,83.594826,,19.855402,46.549473,723.6076,1.2919188,2824.4995,0.9053472,1760.7151,1.2856002,2086.7717,1.2398219,19.77362,0.98574626,27.70697,1.0127333,10.257047,145.42715,-16.238189
2010-03-15,25.15415116181442,184.5180640337311,209.6722151955455,136.78539801189646,25.62939277183691,0.33453549696162077,94.91225327045717,880.2,111.25342989985205,125.30490313694338,-8.31710040076123,175.9406207426075,434.3343549842825,371.533256030608,1.7098848707194056,26.0,,3.7360697,384.719,104.84861,301.3371,1.6007977,10,3.0,0.809987,1.0530984,11.637647,83.594826,,19.855402,46.549473,702.58185,1.0965794,3356.9636,1.0743526,2286.0063,1.3356711,2776.9348,1.2185109,16.79569,0.93932766,26.586306,1.0039268,9.52609,145.42715,-16.238189
2010-04-15,-3.385582085339818,196.7880249542653,193.4024428689255,108.72064371453624,24.583871493830763,0.3345676409723698,94.39466974188859,947.5999999999999,63.61204016316451,102.91549823224773,-13.305222064369337,111.09709666319443,435.3624423869109,365.29208778861397,1.7673965695966027,26.0,,3.7360697,385.017,104.84861,297.0406,-1.4078121,10,4.0,0.81387055,1.0371662,11.637647,83.594826,,19.855402,46.549473,647.6568,1.6453782,3680.4875,1.1719536,2073.8462,1.290173,3385.667,1.3076736,14.861319,0.9025345,25.298407,1.0030638,7.135227,145.42715,-16.238189
2010-05-15,-23.14924898920645,194.5744731542679,171.42522416506145,89.58084521849179,23.85557255576932,0.3024465808481759,80.36717306061655,103.00000000000001,81.81435097176164,82.06226173390512,-6.244024026554154,122.5143448427013,417.30993419598366,358.4899482456728,5.919687811223534,26.0,,3.7360697,385.399,104.84861,297.05164,-0.29084206,10,5.0,0.83774394,1.0584272,11.637647,83.594826,,19.855402,46.549473,54.425877,0.2977467,3564.4604,1.1356364,1404.6646,1.1423317,3165.3794,1.217822,15.150097,1.0376211,24.192484,1.0290968,9.801272,145.42715,-16.238189
2010-06-15,-34.339788717902195,178.13967090949734,143.79988219159517,69.27362262261596,22.782105928472223,0.2794396071495553,86.93529549534317,119.2,77.22525240638889,65.57475326653184,0.44261843408327817,115.43069701736111,409.2545017297492,356.60783272703645,3.6865661541401873,26.0,,3.7360697,385.903,104.84861,295.66534,-0.41773605,10,6.0,0.8262312,1.0319774,11.637647,83.594826,,19.855402,46.549473,44.402927,0.48266754,3585.0535,1.1414723,746.48566,1.109997,3032.4917,1.2720102,14.197522,1.0127866,22.933086,1.0500584,9.631568,145.42715,-16.238189
2010-07-15,-60.67729414817403,172.8122352398462,112.13494109167215,67.32496888222026,22.769705044018817,0.32007653033239475,87.69373058486318,116.69999999999999,53.22368769157931,61.674336786669514,-13.274329038739141,94.96771777627872,419.94004588796355,352.5290080843551,3.4698844250868373,26.0,,3.7360697,386.569,104.84861,295.1527,-1.2162857,10,7.0,0.7931626,0.9842049,11.637647,83.594826,,19.855402,46.549473,89.9885,1.1498939,3649.3416,1.1606307,188.8173,0.5375893,2262.6633,1.1552179,12.334865,0.87329614,23.219002,1.099949,7.6397257,145.42715,-16.238189
2010-08-15,-72.35962152354088,179.01217857124726,106.65255704770641,81.14120837121934,22.43786680141129,0.3169993755908591,86.72485734357662,133.60000000000002,79.45279644963038,74.33096955631113,2.469034329656191,126.68857325235565,413.25568177373077,355.5552821550667,3.6667713122941494,26.0,,3.7360697,387.212,104.84861,295.63242,-1.0139904,10,8.0,0.8457448,1.0774319,11.637647,83.594826,,19.855402,46.549473,159.44554,2.5813973,3785.273,1.2027148,293.83698,1.2530093,1698.5016,1.1600583,16.123392,0.95210594,23.496412,1.0786849,10.311115,145.42715,-16.238189
2010-09-15,-41.70302896310189,172.05904855918845,130.35601959608658,97.17193938692927,24.55289847371218,0.3337058153510573,94.37989834294828,299.8,114.61488875921273,91.98343768509633,4.631021675539874,167.0823259007626,425.47687040320454,363.9179612195325,1.7686958273653999,26.0,,3.7360697,387.56,104.84861,297.17172,-1.7095604,10,9.0,0.80070037,1.0537552,11.637647,83.594826,,19.855402,46.549473,193.09567,3.5020754,3965.95,1.2610701,442.52972,2.2876937,1189.0154,1.3730754,17.234049,0.85421354,25.731289,1.08938,11.147469,145.42715,-16.238189
2010-10-15,-44.5781775452141,190.09333041099342,145.5151528657793,100.90320676812544,24.371039270129415,0.3256505107870632,96.78547809887485,291.3,98.02027529778036,92.43432949756294,-7.635538047111607,146.28042461799095,431.54421463562676,364.36405948460697,1.000425623633632,26.0,,3.7360697,387.557,104.84861,298.41867,-0.54618835,10,10.0,0.7771961,1.0330589,11.637647,83.594826,,19.855402,46.549473,321.4447,3.592535,4248.47,1.3504285,673.9859,3.2763793,862.8032,1.5491846,19.381273,0.8551656,25.814865,1.0128051,11.31866,145.42715,-16.238189
2010-11-15,-24.10204963494037,173.60352123040045,149.50147159546006,94.7823857103159,24.846781654779054,0.3243360520767354,92.17017231442195,486.7,120.93091475070194,89.72147437454905,7.5785006830625665,159.5353455514268,436.92708186421805,359.2633534602361,2.508828673462917,26.0,,3.7360697,387.407,104.84861,297.9509,-1.538044,10,11.0,0.78857493,1.0702133,11.637647,83.594826,,19.855402,46.549473,357.45178,2.0756862,4331.2085,1.3756771,871.9922,2.77086,1165.8291,2.122754,19.23044,0.88274914,26.338947,0.9793765,10.690397,145.42715,-16.238189
2010-12-15,-12.020944455261636,180.9922737943155,168.97132933905385,121.2434378771529,26.039150751562072,0.3427296936508353,87.74848382549739,573.9,115.28538832129983,111.06739067181242,10.946979599331225,166.71636457116628,441.3495009188781,364.38375537950526,4.2212186847661295,26.0,,3.7360697,387.165,104.84861,302.13358,1.3717728,10,12.0,0.8248812,1.1134162,11.637647,83.594826,,19.855402,46.549473,521.8331,1.6750705,4675.751,1.4828769,1200.7296,2.0856605,1643.2594,2.1364717,20.112862,0.89154845,27.611809,0.999102,10.402576,145.42715,-16.238189
2011-01-15,-8.309160230977092,173.75833385041906,165.44917361944198,120.72993630650473,25.71890767240292,0.3403842571194087,86.52955083980648,372.59999999999997,103.60571915091398,110.5969876499552,5.713400287757706,152.35048675861657,439.46487721477786,356.51616350707087,4.551837905068399,26.0,,3.7360697,387.019,104.84861,300.5107,0.081113815,10,1.0,0.8322271,1.10076,11.637647,83.594826,,19.855402,66.87111,599.66644,1.1267482,4415.6006,1.4108799,1478.9514,1.5065826,2152.9373,1.8158623,17.745111,0.8955961,27.279604,0.9879917,9.478144,145.42715,-16.238189
2011-02-15,16.09831073381428,146.3925917389622,162.4909024727765,87.40247817132615,23.62281435618396,0.33930129964941325,89.17972563891271,411.79999999999995,81.68942271112941,88.64530441516447,-1.011628481002187,118.97439533095691,438.16494289155094,345.3477886472529,3.216093567898661,26.0,,3.7360697,387.091,104.84861,299.73715,0.031908035,10,2.0,0.8110757,1.0655494,11.637647,83.594826,,19.855402,66.87111,1353.8075,2.4170687,5045.801,1.6173491,2475.3071,1.8073652,3347.2993,1.9887441,17.796906,0.88720393,26.55525,0.9706361,7.416049,145.42715,-16.238189
2011-03-15,-1.0078592065663217,196.06682822998326,195.05896902341698,108.37715689476525,22.211670471244723,0.34201322114498955,89.36627923387097,458.2,90.25292340488087,99.28098572169803,7.800705684688969,134.0064414649341,439.52310285552795,369.7863295079633,2.896154564774227,26.0,,3.7360697,387.146,104.84861,299.91907,0.105768204,10,3.0,0.8014978,1.0420612,11.637647,83.594826,,19.855402,66.87111,778.9944,1.215843,5122.214,1.6392981,2732.4683,1.5965304,3933.198,1.7258757,15.8238325,0.88497484,26.663305,1.0068343,7.328204,145.42715,-16.238189
2011-04-15,-24.126869283973,179.36204412535204,155.23517484137903,100.8999926760201,24.13113892084931,0.31624721479906404,84.76285820184444,234.0,71.2820147689392,95.51243133868941,-5.756402141916008,119.95568557050137,424.8079055803702,373.43107878965924,4.672802379053782,26.0,,3.7360697,387.156,104.84861,297.03983,-0.9517269,10,4.0,0.82508475,1.0514573,11.637647,83.594826,,19.855402,66.87111,215.19229,0.5466981,4689.749,1.4933261,2347.9941,1.4607248,3826.9456,1.4781121,16.90886,1.0268825,24.841558,0.98495007,9.071927,145.42715,-16.238189
2011-05-15,10.248801988935643,160.82269285637733,171.07149484531294,80.9236325439258,22.39349550761638,0.29042372950506007,81.53323008182079,103.39999999999999,64.65143891559546,74.1316550215712,5.263117552812572,128.366867232219,398.33288615206243,388.0444308684945,5.086723293276652,26.0,,3.7360697,387.403,104.84861,296.09656,0.688879,10,5.0,0.8187381,1.0344146,11.637647,83.594826,,19.855402,66.87111,49.754356,0.27219027,4685.0776,1.4926648,1043.941,0.8489763,3519.2483,1.3539666,16.089432,1.1019557,22.257685,0.9467946,10.874761,145.42715,-16.238189
2011-06-15,1.2290448761571504,137.7243030552459,138.95334793140307,68.93041292541002,21.070951571446933,0.29673407534033125,78.90962769584884,121.40000000000002,54.53284370878653,65.24986927229399,-1.1090201151801318,114.43580119202281,386.02262414209207,385.7045440309267,5.3490158556601966,26.0,,3.7360697,387.832,104.84861,294.7405,1.2442627,10,6.0,0.8239493,1.0291272,11.637647,83.594826,,19.855402,66.87111,42.49358,0.4619126,4683.168,1.4911093,307.44025,0.45715246,3039.9087,1.2751213,15.649308,1.1163504,20.346252,0.9316126,10.053937,145.42715,-16.238189
2011-07-15,-36.49019527860881,167.07735064950475,130.58715537089594,61.18213470341226,20.97506389802007,0.30793368206442495,83.19266184584723,81.0,62.86391874323706,56.04707501056315,11.837615518602949,121.75645996234199,391.2683287789877,383.70921476009784,4.237173756913913,26.0,,3.7360697,388.2,104.84861,294.4277,0.68945885,10,7.0,0.8221698,1.0201988,11.637647,83.594826,,19.855402,66.87111,35.590588,0.45478475,4628.7705,1.4721266,127.83853,0.3639742,2475.8328,1.264053,14.490644,1.0259231,20.588251,0.975323,9.3946705,145.42715,-16.238189
2011-08-15,-13.785091279209386,144.62284655080083,130.83775527159145,67.22507526394814,21.29415039374684,0.27902207908206167,81.6325315156914,71.80000000000001,88.39055953472496,61.58282731019382,18.724214844585717,153.323581263549,390.84418125137904,394.1299502335125,4.724034239024799,26.0,,3.7360697,388.636,104.84861,294.50803,0.1439743,10,8.0,0.80904776,1.030682,11.637647,83.594826,,19.855402,66.87111,54.747295,0.8863498,4524.0723,1.4374574,132.83147,0.56643337,1176.7725,0.8037229,17.574066,1.03777,21.214058,0.97390544,11.311755,145.42715,-16.238189
2011-09-15,-17.996074197551966,161.8650576256464,143.86898342809442,68.18750643234623,22.351673176928745,0.29203889547746026,82.23447254777695,26.0,97.55677376450302,64.54663031728576,25.35246208022264,160.5635480448244,402.07615012101127,399.28098047233675,4.88085929891885,26.0,,3.7360697,389.128,104.84861,295.83655,-0.22013283,10,9.0,0.79352117,1.044307,11.637647,83.594826,,19.855402,66.87111,37.41637,0.6786012,4368.3926,1.3890365,127.75426,0.6604361,435.1945,0.50256276,20.26613,1.0045,22.906687,0.9697954,13.438399,145.42715,-16.238189
2011-10-15,2.330817303137288,164.33489538848306,166.66571269162034,74.02627515999936,25.38671155239016,0.26774287593724044,85.12497280289791,340.4,95.887502651342,67.81319770481423,21.10027204497625,158.39137206071373,418.86289895751486,403.8165561386972,4.925891934183782,26.0,,3.7360697,389.262,104.84861,300.56653,1.8111534,10,10.0,0.78147393,1.0387449,11.637647,83.594826,,19.855402,66.87111,251.39815,2.8096797,4298.3457,1.366282,343.56183,1.6701223,471.40033,0.846411,22.524195,0.9938416,25.605381,1.0045863,14.272771,145.42715,-16.238189
2011-11-15,-13.904660888442056,188.73231440009408,174.82765351165204,92.65897755398905,26.24556596146833,0.3072104665533474,85.79311873916389,228.8,100.90339018743317,87.71144572780383,7.692328713020372,153.32457872983443,432.34396809568443,398.4640893459031,4.956548779983774,26.0,,3.7360697,389.072,104.84861,299.20697,-0.6693878,10,11.0,0.7729479,1.0490052,11.637647,83.594826,,19.855402,66.87111,175.04456,1.016466,4115.939,1.3073033,463.85907,1.4739679,596.69055,1.0864605,20.123718,0.9237539,26.726364,0.99378204,14.652167,145.42715,-16.238189
2011-12-15,10.83327324711361,174.21331045913922,185.04658370625287,113.2587483632928,27.182774529763694,0.32993590454516425,84.68064858116699,639.5,103.26700230363033,103.75286177724583,2.8641387393528412,150.70803075115035,441.59770147917135,409.6500797349074,5.6557907365152325,26.0,,3.7360697,388.942,104.84861,298.8711,-2.0222836,10,12.0,0.8097251,1.0929587,11.637647,83.594826,,19.855402,66.87111,442.24335,1.4195894,4036.3489,1.2800957,868.68604,1.5089027,996.4403,1.2955147,20.734966,0.91912466,27.743383,1.0038629,12.5381,145.42715,-16.238189
2012-01-15,5.632923614044174,196.01102333061567,201.64394694465983,109.75535511644219,25.86688433056996,0.3266008853129693,86.4767660648717,569.2,121.33398326442256,100.54351079513985,20.6613983793454,181.01689006659188,436.3027427026192,406.3977123454795,4.610934668070392,26.0,,2.0959444,388.819,104.84861,300.00558,-0.4729557,10,1.0,0.81003624,1.0714089,9.879715,87.74272,,19.855402,77.47737,423.2526,0.795274,3859.935,1.2333326,1040.5405,1.059981,1384.1023,1.1674001,20.059868,1.0124218,27.328547,0.9897642,12.093576,145.42715,-16.238189
2012-02-15,30.664613213084266,174.89056807805292,205.5551812911372,100.25833315218857,26.412961516463128,0.31054673099761415,81.3211251574496,551.6,96.01704951763477,98.17762061869809,7.141520771026371,144.6951357290116,440.04315984128044,407.60213448058835,6.583116054954286,26.0,,2.0959444,388.79,104.84861,302.61404,1.9868698,10,2.0,0.8090855,1.0629348,9.879715,87.74272,,19.855402,77.47737,476.6809,0.8510593,2982.8086,0.9560906,1342.1769,0.98000115,1806.0359,1.0730273,19.992626,0.99666405,27.47718,1.0043341,10.848277,145.42715,-16.238189
2012-03-15,30.387398689858536,172.91156900362603,203.29896769348457,120.21476153721855,25.587630957106445,0.35454383071589346,83.74641136753836,1477.3999999999999,80.83837711706005,110.1250518622011,-1.6683946018812401,124.68017590891031,437.49438611633923,392.3831768456973,5.448633441384617,26.0,,2.0959444,388.826,104.84861,299.85605,0.28996658,10,3.0,0.8350653,1.0857037,9.879715,87.74272,,19.855402,77.47737,1183.7915,1.8476443,3387.6055,1.0841591,2083.725,1.2174819,2952.4111,1.2955093,16.197947,0.90589786,26.416088,0.9974991,8.067807,145.42715,-16.238189
2012-04-15,-0.036372347063769794,179.73996042703834,179.70358807997457,98.7337174559735,24.181952542813082,0.3178570430069217,79.73080134474618,486.4,79.60881398204457,93.46182451773788,-5.532770100130027,132.7929078107111,421.91818685733693,390.3272133213317,6.235420932504486,26.0,,2.0959444,389.0,104.84861,298.99808,1.04982,10,4.0,0.83607054,1.0654571,9.879715,87.74272,,19.855402,77.47737,308.59772,0.78399545,3481.0107,1.1084355,1969.0701,1.2249901,3009.6106,1.1624262,17.555313,1.066142,24.798264,0.98323345,10.475743,145.42715,-16.238189
2012-05-15,-8.752907408243825,167.78233884366074,159.02943143541694,93.74034143299525,22.528152117575132,0.3130017232660176,79.5391490896973,203.6,54.12410228637802,85.87264849910288,-7.917091684936382,93.82546961211814,419.14617971466436,384.5933150683941,5.683341440930158,26.0,,2.0959444,389.287,104.84861,294.61545,-1.6468163,10,5.0,0.798527,1.0088795,9.879715,87.74272,,19.855402,77.47737,363.85056,1.9905108,3795.107,1.2091203,1856.2397,1.5095714,3198.4165,1.2305324,13.754805,0.94205844,23.11227,0.9831469,8.877213,145.42715,-16.238189
2012-06-15,0.32787035745382376,148.33290295612034,148.66077331357414,64.37574847649591,20.44969711111111,0.283139124308025,80.79372754861112,111.0,70.22051936125068,60.938401412781765,9.630319693125966,123.55415045061733,392.92056214102826,385.10918304421745,4.684652272162765,26.0,,2.0959444,389.712,104.84861,293.82315,-0.17983246,10,6.0,0.84284854,1.0527328,9.879715,87.74272,,19.855402,77.47737,48.772003,0.5301601,3801.3855,1.210352,721.2202,1.0724282,2804.9453,1.1765635,14.97694,1.0683867,20.85299,0.95481503,8.644823,145.42715,-16.238189
2012-07-15,-29.954198276962202,155.98580784546812,126.03160956850593,68.95065853576489,20.32739987903226,0.3005422245750048,79.97933170698926,167.8,57.70063219404099,63.163581161646036,-2.8256618162589886,98.92160771033319,400.1563131545779,379.4847329760137,4.8458127787175815,26.0,,2.0959444,390.378,104.84861,293.5514,-0.67998314,10,7.0,0.8428894,1.045909,9.879715,87.74272,,19.855402,77.47737,90.96109,1.1623218,3856.756,1.2265965,503.58365,1.4337732,2472.6538,1.26243,13.638626,0.96560115,21.08138,0.9986839,8.481692,145.42715,-16.238189
2012-08-15,-33.932130519079294,160.64569101728947,126.71356049821017,76.98966487838644,20.664539334677418,0.250817744858871,77.29908622983871,122.0,88.17301029888979,70.52786803524828,21.73018719377157,153.87566164578683,392.05466939523563,381.3629926114812,5.6124079698494524,26.0,,2.0959444,391.05,104.84861,294.8046,0.3356037,10,8.0,0.83647555,1.0656234,9.879715,87.74272,,19.855402,77.47737,44.89145,0.72678524,3846.9001,1.222296,184.62454,0.7872946,2040.8643,1.3938882,17.310225,1.0221899,21.318998,0.9787231,11.394146,145.42715,-16.238189
2012-09-15,-49.07012468542838,177.5793828645178,128.50925817908944,73.03710495668736,22.239324100521017,0.22754903682374816,79.55948545833334,47.400000000000006,96.7810905115875,69.13728422906176,23.685960771282634,163.07146174364863,406.5832268205232,383.2783108487659,5.5766779030883615,26.0,,2.0959444,391.479,104.84861,297.6631,0.8100052,10,9.0,0.80740327,1.0625764,9.879715,87.74272,,19.855402,77.47737,37.015213,0.6713256,3846.499,1.2230879,172.86775,0.893654,894.08795,1.0324931,20.157661,0.9991237,23.703087,1.0035124,14.022572,145.42715,-16.238189
2012-10-15,-43.91224536556135,176.29037538197304,132.37813001641172,88.31292154222626,23.100930168010755,0.2382164526982374,78.52715377688172,141.8,101.11302922010753,80.90075578554597,16.227365291042705,163.06745326896507,414.83703971774196,385.3195583138735,6.1799598132765565,26.0,,2.0959444,391.519,104.84861,299.85114,1.712656,10,10.0,0.7964704,1.0586785,9.879715,87.74272,,19.855402,77.47737,73.18897,0.8179757,3668.2898,1.166011,155.09564,0.7539507,658.67926,1.1826749,21.657446,0.9555978,24.988485,0.9803834,14.923756,145.42715,-16.238189
2012-11-15,-16.430865539180626,163.29716014186482,146.86629460268418,73.50402310619629,24.684262041666667,0.1891586680126195,77.76382941666667,44.2,109.84642547915556,69.57927125515556,27.804151174833468,176.5005493453493,421.7398597916667,387.8980997606593,7.054428136942511,26.0,,2.0959444,391.319,104.84861,300.38403,0.5125427,10,11.0,0.78781265,1.0691788,9.879715,87.74272,,19.855402,77.47737,39.522125,0.22950096,3532.7673,1.1220765,149.72632,0.47577336,334.35086,0.6087896,22.36079,1.0264438,26.721497,0.9936011,17.096865,145.42715,-16.238189
2012-12-15,-18.617411865026607,164.75346738279416,146.13605551776755,82.99220171089623,25.563246639784943,0.19928198298979874,79.82727061155914,225.8,117.97760681920698,76.02660772022662,30.648632558665472,185.62676280383064,427.70351323924734,393.63381212876595,6.7524096640205995,26.0,,2.0959444,391.236,104.84861,302.23007,1.3595009,10,12.0,0.7755501,1.0468296,9.879715,87.74272,,19.855402,77.47737,91.43914,0.2935172,3181.9634,1.0091342,204.15024,0.3546078,377.018,0.49017724,24.158058,1.070861,27.720577,1.0030377,17.728172,145.42715,-16.238189
2013-01-15,22.853297486335414,121.27273664338898,144.12603412972442,157.19114631105487,26.805478219086023,0.30794082876344087,80.65317430107527,599.2,112.30572214822178,143.99798259737315,1.955818943074871,167.64590261306924,441.78383588709676,397.8510997038478,6.982146495034428,26.0,,3.7360697,391.28,104.84861,300.87018,-0.31672287,10,1.0,0.78737015,1.0414292,11.637647,83.594826,,19.855402,75.57244,577.27625,1.084678,3335.9868,1.0659199,708.23755,0.7214695,863.3331,0.7281652,19.808481,0.9997344,28.036907,1.0154191,13.67722,145.42715,-16.238189
2013-02-15,16.090572256706988,149.9525451302123,166.04311738691928,108.10839554460073,26.630645349702384,0.2940211144717262,83.49458878720237,444.4,124.07534992983706,109.64565116907752,16.58882870171812,181.57807703983931,442.79384441964277,403.41998501151585,5.8941588883686755,26.0,,3.7360697,391.481,104.84861,300.82788,-0.29625702,10,2.0,0.78595376,1.0325454,11.637647,83.594826,,19.855402,75.57244,205.8011,0.36743438,3065.1072,0.9824701,874.5165,0.6385352,1024.2428,0.6085374,20.903263,1.0420607,27.974144,1.022499,13.383293,145.42715,-16.238189
2013-03-15,-34.82172041120147,180.20393974857663,145.38221933737515,146.19847287800908,25.487599348118277,0.3276760045362903,86.36498745967741,537.0,91.23782488576289,133.92793199428132,-7.189792111444737,135.30356595764397,438.3658942876344,404.4399319590161,4.5430809107486665,26.0,,3.7360697,391.8,104.84861,299.20792,-0.5056591,10,3.0,0.8230367,1.0700648,11.637647,83.594826,,19.855402,75.57244,543.1626,0.8477602,2424.478,0.7759227,1326.24,0.7748974,1530.3901,0.6715307,16.761614,0.93742186,26.563581,1.0030687,10.20001,145.42715,-16.238189
2013-04-15,-32.91110102216811,154.6995017292206,121.7884007070525,119.75418243640311,24.284468131944443,0.30987724788194443,86.95861479166668,283.0,88.52906113373271,113.35990047297787,-1.2949421155765384,137.06178600982804,426.7233240277778,406.2761470343095,4.037251350083231,26.0,,3.7360697,392.14,104.84861,297.49567,-0.7458515,10,4.0,0.8404024,1.0709776,11.637647,83.594826,,19.855402,75.57244,321.2671,0.8161821,2437.1475,0.7760449,1070.2307,0.6658077,1778.4683,0.6869122,16.645535,1.0108907,25.091524,0.99486107,9.834214,145.42715,-16.238189
2013-05-15,-41.74082583416376,144.01862256809946,102.27779673393569,117.98207776241955,22.866445,0.3277716557795699,89.67514864919355,401.8,56.33943292135935,108.0797588104363,-17.02458860155448,85.26987090130775,423.78873407258067,408.81027733938424,2.9287077220288884,26.0,,3.7360697,392.466,104.84861,295.11575,-1.7689075,10,5.0,0.83355653,1.0531367,11.637647,83.594826,,19.855402,75.57244,194.82079,1.0658026,2268.118,0.7226219,1059.2505,0.8614266,1933.767,0.74398154,13.101584,0.8973198,23.734667,1.0096223,8.147793,145.42715,-16.238189
2013-06-15,-34.99896636388391,143.14034941686123,108.14138305297735,77.7049093123662,21.664317631944446,0.29173750934027776,84.3800804236111,41.8,69.5886060394765,73.55585088303306,0.6345063724374888,110.88757483018877,408.7285325,388.3932090561899,4.111458481555376,26.0,,3.7360697,392.806,104.84861,295.39487,-0.19869041,10,6.0,0.855107,1.0680438,11.637647,83.594826,,19.855402,75.57244,48.42801,0.5264209,2267.7737,0.72205365,564.51587,0.83941454,1890.7559,0.79309726,13.884532,0.9904593,22.443563,1.0276442,8.884443,145.42715,-16.238189
2013-07-15,-70.03079100281435,165.20771366444458,95.17692266163021,110.76800195589156,20.950334764784944,0.2791246524193548,86.34627802419354,124.4,71.34378961697313,101.47116547154106,-4.176718200833634,112.70033424928702,406.56444455645163,397.5855309910995,3.436801188532889,26.0,,3.7360697,393.371,104.84861,294.867,-0.011312485,10,7.0,0.83444655,1.0354326,11.637647,83.594826,,19.855402,75.57244,87.000534,1.1117129,2263.8132,0.71997947,330.24933,0.9402661,1400.48,0.7150244,12.604334,0.8923743,21.728323,1.0293314,8.713447,145.42715,-16.238189
2013-08-15,-25.90133752530494,144.63778090931942,118.73644338401448,76.10788587054705,21.17428565188172,0.24076719785285589,81.2990518077957,51.800000000000004,100.6682553486559,69.7200973611015,18.8991951023835,168.26407514004387,392.87625557795695,388.41440065093406,4.773825365429811,26.0,,3.7360697,393.862,104.84861,296.8364,1.8266392,10,8.0,0.81290686,1.0355983,11.637647,83.594826,,19.855402,75.57244,54.833427,0.88774425,2273.7551,0.7224522,190.26196,0.8113343,1249.5123,0.85340345,17.99157,1.0624241,21.859762,1.0035487,12.373238,145.42715,-16.238189
2013-09-15,-38.78107253226112,154.9732456471911,116.19217311492997,87.67606184989964,22.481911895833335,0.23173067975694445,83.59941302777779,73.6,117.07576436804585,82.99459311532166,31.433330530109096,188.99472889758724,402.59885784722223,386.1945898368373,4.542472572082186,26.0,,3.7360697,394.065,104.84861,297.62646,0.79164696,10,9.0,0.8110622,1.0673918,11.637647,83.594826,,19.855402,75.57244,66.38852,1.2040539,2303.1284,0.7323357,208.22247,1.0764232,772.7384,0.89235854,20.212185,1.0018262,23.684824,1.0027392,13.728754,145.42715,-16.238189
2013-10-15,-33.251386619916104,168.6221601562749,135.3707735363588,79.45412942828035,23.98371040322581,0.19490113454301078,80.70991190188172,55.2,108.19335114009813,72.78548833827236,30.312965550044538,177.61191323153201,415.3798241263441,382.04955892822403,5.8623710538696105,26.0,,3.7360697,394.126,104.84861,299.09354,0.11897087,10,10.0,0.7868183,1.0458488,11.637647,83.594826,,19.855402,75.57244,69.64621,0.778381,2299.5857,0.73095155,190.86816,0.92784804,521.1175,0.9356794,22.720453,1.0025012,25.824572,1.0131859,16.731216,145.42715,-16.238189
2013-11-15,-18.291940866212368,157.10972152229226,138.8177806560799,95.394943647101,24.786722347222224,0.21553816927083333,87.03746879166667,127.80000000000001,103.67564513852639,90.30132474248727,22.246076289970723,158.0316257570486,432.22895270833334,402.0539132587522,4.138222311452149,26.0,,3.7360697,394.086,104.84861,299.84927,-0.25236893,10,11.0,0.78592414,1.0666158,11.637647,83.594826,,19.855402,75.57244,285.0342,1.6551647,2545.098,0.8083732,421.06894,1.3379971,611.33093,1.1131178,20.456707,0.93903935,26.951649,1.0021589,13.788698,145.42715,-16.238189
2013-12-15,-20.389969247810612,174.1610680625373,153.77109881472666,117.09711025703282,24.61061120060484,0.2404594009408602,83.47090365427327,76.8,124.47750492174966,107.26906725158891,20.215979144160983,187.0727701011784,428.3954295026882,399.677064528573,5.220270401233479,26.0,,3.7360697,393.929,104.84861,301.22327,1.1199703,10,12.0,0.8060165,1.0879529,11.637647,83.594826,,19.855402,75.57244,111.43171,0.35769284,2565.0903,0.81349784,466.11212,0.8096341,674.3346,0.8767312,22.62008,1.0026866,26.953302,0.9752747,15.846561,145.42715,-16.238189
2014-01-15,-17.048706351465423,175.8338824669646,158.78517611549916,123.6230476677176,25.611966868951615,0.29458630409946235,82.30693422641355,808.6,105.45766774829154,113.24727813527178,3.0256939402177476,152.39157557020363,441.41588850806454,399.6815487880902,5.939969890968785,26.0,,4.7436914,393.791,104.84861,300.80502,-0.027730942,10,1.0,0.7935707,1.0496304,7.0811343,86.168915,,19.855402,75.52478,565.4517,1.0624602,2553.2659,0.8158236,961.9176,0.9798891,1152.7859,0.97229975,20.14341,1.0166383,27.68276,1.0025929,12.585125,145.42715,-16.238189
2014-02-15,26.193750391908996,140.3413889676811,166.53513935959012,127.04474068682043,24.974275887533675,0.36105523833512054,86.42773386939196,1355.9999999999998,92.42722302817418,128.8512631238354,-1.5894282484257325,130.65962190656523,439.9341957937403,422.80516797968136,4.382828535640397,26.0,,4.7436914,393.825,104.84861,299.43018,-0.2928276,10,2.0,0.807116,1.0603473,7.0811343,86.168915,,19.855402,75.52478,962.63513,1.7186751,3310.1,1.0609986,1639.5186,1.1971076,2060.5874,1.2242649,19.014881,0.94792193,26.57301,0.9712853,8.104991,145.42715,-16.238189
2014-03-15,-6.097692127251737,190.3145185531038,184.21682642585205,126.348801154611,24.432342523521505,0.3688528176257855,95.23567930628705,1736.6000000000001,75.26731304421034,115.74425721063079,-10.948106574773334,107.9366737023192,437.5160551506834,412.1779620151002,1.4883387185658972,26.0,,4.7436914,393.985,104.84861,299.19174,0.062416077,10,3.0,0.81187016,1.0555468,7.0811343,86.168915,,19.855402,75.52478,903.3507,1.4099364,3670.288,1.1746281,2431.4375,1.4206438,2897.5498,1.2714363,16.950706,0.9479972,25.979332,0.98100674,8.40774,145.42715,-16.238189
2014-04-15,20.99613462747351,161.1410321567013,182.1371667841748,129.16051273702215,24.397092762552184,0.3742995150119207,94.41948698256945,796.0,65.06162808396519,122.26397918655768,-35.36249512640224,96.50387955398075,435.2463027691369,416.8992258622937,1.7395478304536975,26.0,,4.7436914,394.17,104.84861,297.5894,-1.0830956,10,4.0,0.8261259,1.0527841,7.0811343,86.168915,,19.855402,75.52478,612.2989,1.5555512,3961.3198,1.2613771,2478.2847,1.5417807,3440.2021,1.328737,15.473638,0.9397209,25.522488,1.0119485,8.2626505,145.42715,-16.238189
2014-05-15,25.298755092375533,146.83281792249267,172.1315730148682,105.73205288916189,22.90027643146022,0.3419898867160445,82.58243690575576,315.8,66.10128770537165,96.85788715981467,-25.267000168334345,103.22407699665528,419.0631157716186,425.723627020396,4.950963737419186,26.0,,4.7436914,394.363,104.84861,296.21982,-0.43024254,10,5.0,0.82900333,1.047384,7.0811343,86.168915,,19.855402,75.52478,211.40611,1.1565356,3977.905,1.2673597,1727.0558,1.4045136,3366.574,1.2952279,13.92702,0.95385337,23.500067,0.9996429,9.101279,145.42715,-16.238189
2014-06-15,4.811607637050308,144.99210811993515,149.80371575698547,84.04842237643564,21.448723655555554,0.3518992597247527,77.57388554251358,242.20000000000002,53.802494489910956,79.56065167547165,-10.452945986112574,88.34077445989821,409.69791526201556,399.66503199486743,5.823966939098016,26.0,,4.7436914,394.76,104.84861,296.1487,1.0887833,10,6.0,0.83116245,1.0381366,7.0811343,86.168915,,19.855402,75.52478,191.08981,2.0771794,4120.5664,1.3119783,1014.7948,1.508963,3446.2322,1.445558,12.807375,0.9136198,21.909935,1.0032104,7.441437,145.42715,-16.238189
2014-07-15,-12.718570161293492,160.92357767605665,148.20500751476317,79.71030337326093,20.50663848017473,0.25698254419176403,71.91337695991787,31.4,76.71392573176911,73.02016142347408,2.317699671315255,133.72855479076054,390.4428248574648,391.41123683169087,6.8752871277256755,26.0,,4.7436914,395.296,104.84861,295.23276,1.4911976,10,7.0,0.83513284,1.0362841,7.0811343,86.168915,,19.855402,75.52478,29.573265,0.377894,4063.1394,1.2922343,432.06918,1.2301615,2910.3538,1.4859005,14.562515,1.0310116,20.591566,0.9754801,9.512263,145.42715,-16.238189
2014-08-15,-22.107825700268535,162.39179140080108,140.28396570053252,81.7122806730295,20.85621450033602,0.29574892105580197,74.98129589869237,39.4,77.37160639274083,74.85411135728239,4.721592646679892,128.1444809357793,401.42189881736124,393.08822523199046,6.26039769392607,26.0,,4.7436914,395.766,104.84861,296.0289,1.2156715,10,8.0,0.8293637,1.0565634,7.0811343,86.168915,,19.855402,75.52478,63.54208,1.028736,4071.848,1.2937698,284.20517,1.2119364,2011.261,1.3736695,16.388294,0.9677487,21.663235,0.9945265,10.152027,145.42715,-16.238189
2014-09-15,-36.435934180520604,176.89813672554183,140.46220254502123,62.43572448022735,21.94163116666667,0.16069445876756125,71.22851905755527,6.0,110.61976323057723,59.10196511754855,29.972652457180867,187.61602604797918,395.87080237438784,383.88291769377713,7.705385375262937,26.0,,4.7436914,396.004,104.84861,296.90857,0.7050743,10,9.0,0.80869573,1.0642773,7.0811343,86.168915,,19.855402,75.52478,6.613512,0.11994582,4012.0732,1.2757362,99.72885,0.51555645,1114.5237,1.2870523,21.406319,1.0610139,23.053501,0.97601104,14.309348,145.42715,-16.238189
2014-10-15,-51.051991962886135,188.51234230731774,137.4603503444316,63.76139387258979,23.22388325604839,0.12651435084063123,69.75911835966964,27.000000000000004,113.15152969473482,58.409855139555816,35.684298728328834,186.9162077120074,407.7413173252658,378.3985632252765,8.769845094323621,26.0,,4.7436914,396.004,104.84861,298.85635,1.0542259,10,10.0,0.78648055,1.0453998,7.0811343,86.168915,,19.855402,75.52478,29.908781,0.33426696,3972.3354,1.2626556,100.06438,0.4864328,532.13354,0.95545894,23.448305,1.0346165,24.652134,0.96718717,16.556492,145.42715,-16.238189
2014-11-15,-33.611037657743324,173.29577522697144,139.68473756922813,63.89955855431718,25.0619118,0.11814046443037217,72.57403870261435,42.0,120.75496522448505,60.48763768089221,36.75024926694995,192.1767814938382,422.07625652405454,380.1624788064642,8.904056099412777,26.0,,4.7436914,395.964,104.84861,301.3224,1.348011,10,11.0,0.7576156,1.0281969,7.0811343,86.168915,,19.855402,75.52478,35.51391,0.20622566,3722.8152,1.1824394,72.0362,0.22890368,356.2414,0.64864814,22.786516,1.0459863,26.824383,0.99742675,17.737326,145.42715,-16.238189
2014-12-15,9.79215018570953,174.8901449622101,184.68229514791966,91.7480462888735,26.623436048387095,0.14417521476388492,74.06051991120475,78.8,133.1644122498878,84.04756809079302,33.03655436030179,199.9115200862218,436.35754280769714,398.2823691065673,9.259075595486712,26.0,,4.7436914,395.892,104.84861,300.3288,-1.309412,10,12.0,0.7683644,1.0371305,7.0811343,86.168915,,19.855402,75.52478,103.489494,0.33219853,3714.873,1.1781422,168.91219,0.29339948,268.64105,0.3492717,24.21629,1.0734422,28.488214,1.0308137,17.646284,145.42715,-16.238189
2015-01-15,46.79420384148733,167.18936742466772,213.98357126615505,135.90428324943016,26.408457208443696,0.271995783350781,79.9722378860935,297.2,120.55947576218931,124.49774095758731,8.944678789018273,173.6397676144292,447.2524739080699,396.8278131715029,7.056590043550917,26.0,,3.7360697,395.925,104.84861,301.62048,-0.044790268,10,1.0,0.7679952,1.0158025,11.637647,83.594826,,19.855402,80.16315,403.97147,0.75904554,3553.3928,1.1353859,542.97485,0.55311924,643.03925,0.5423617,19.25628,0.9718648,28.51528,1.0327444,13.334669,145.42715,-16.238189
2015-02-15,20.789438415238067,163.49112167288,184.28056008811808,120.61755459449896,25.983005055803574,0.2826766769988814,80.50041189084115,524.2,111.46969217084254,122.33268516578318,3.5140410234179904,165.57051061145984,442.1233845545286,393.2863968287957,6.695676485221057,26.0,,3.7360697,396.069,104.84861,301.96506,1.3163319,10,2.0,0.80240226,1.0541546,11.637647,83.594826,,19.855402,80.16315,525.2308,0.93773955,3115.9888,0.99877936,1032.6918,0.75402814,1104.728,0.6563564,20.655317,1.0297003,27.498732,1.0051218,11.893826,145.42715,-16.238189
2015-03-15,35.4348373482493,181.5734285362709,217.00826588452023,115.85156781332705,25.268189450940863,0.26927043530802125,80.18620493312103,467.6000000000001,104.06291025629719,106.12806406316429,-7.050487926738947,152.2797435948321,436.4512788588562,390.11459235355926,6.514158823891968,26.0,,3.7360697,396.189,104.84861,299.8668,-0.050346375,10,3.0,0.819946,1.0660465,11.637647,83.594826,,19.855402,80.16315,615.1458,0.96011055,2827.784,0.90499556,1544.3481,0.9023339,1713.2603,0.7517736,18.8722,1.05546,26.767143,1.0107553,12.340972,145.42715,-16.238189
2015-04-15,26.380745582750187,184.55125879375538,210.93200437650557,102.84792080331754,24.040000134027782,0.30153577364097267,80.52956120514705,476.4,78.45509517801563,97.35634972338731,-1.394577074654401,126.06789436064992,427.74742115354996,389.93037112820787,5.9376917043401765,26.0,,3.7360697,396.497,104.84861,297.69385,-1.1952477,10,4.0,0.8387331,1.0688502,11.637647,83.594826,,19.855402,80.16315,208.32053,0.5292403,2423.8054,0.7717965,1348.6971,0.8390462,1891.6719,0.7306357,17.327679,1.0523176,25.739101,1.020537,12.1467,145.42715,-16.238189
2015-05-15,-31.533998971824865,205.85468475966377,174.3206857878389,77.82089333077933,23.147501967741935,0.22746871142671932,36.209092793925166,141.39999999999998,67.52577103133578,71.28933089770018,4.129072096346791,111.46273181267036,415.1203630463181,380.3228543075692,18.412198418480706,26.0,,3.7360697,396.935,104.84861,297.47943,0.4661274,10,5.0,0.839517,1.0606673,11.637647,83.594826,,19.855402,80.16315,66.79262,0.36540118,2279.1921,0.72615016,890.2589,0.7239956,1922.9508,0.73982024,15.510609,1.0623124,23.86331,1.0150945,11.493261,145.42715,-16.238189
2015-06-15,-20.98400814262,146.21383034238275,125.22982219976276,102.11680543030268,22.428613312499998,0.3170790343402778,0.8493324452083335,343.79999999999995,53.253036045979165,96.66427230084517,-17.77867005001985,81.47841753355979,415.9317972222222,394.8858513964861,27.370994379779408,26.0,,3.7360697,397.253,104.84861,295.21338,-0.7892246,10,6.0,0.8217905,1.026431,11.637647,83.594826,,19.855402,80.16315,236.3763,2.5694513,2324.4785,0.7401083,511.48944,0.7605662,2055.8376,0.86234254,12.134909,0.86564916,22.85261,1.0463735,8.55232,145.42715,-16.238189
2015-07-15,-32.237956471815146,162.16917902718873,129.9312225553736,80.00158504611585,21.050902845450093,0.2659782017453393,0.9171830544495767,91.00000000000001,68.81956089262862,73.28699562020229,4.221200146693135,104.39334429028817,398.0962241770119,393.2971925247646,25.09816269214274,26.0,,3.7360697,397.739,104.84861,295.5167,1.1972713,10,7.0,0.8394081,1.0415891,11.637647,83.594826,,19.855402,80.16315,35.08423,0.44831437,2329.9895,0.74102604,338.25314,0.96305406,1686.9503,0.8612838,13.983242,0.9899996,21.169428,1.002855,9.103175,145.42715,-16.238189
2015-08-15,-28.53051945656962,172.62351105799243,144.0929916014228,76.03714021167976,21.44900803763441,0.2360480374327957,0.7858891552419355,60.0,82.2672481338488,69.65528943525143,14.16799691833136,142.30266409736367,393.10656653225806,389.67166028173216,25.765942680947944,26.0,,3.7360697,398.333,104.84861,295.75745,0.9019871,10,8.0,0.8308681,1.0584799,11.637647,83.594826,,19.855402,80.16315,30.271593,0.49009216,2296.719,0.72974867,301.73212,1.2866765,1191.9911,0.8141171,17.625141,1.040786,21.705465,0.99646527,11.581671,145.42715,-16.238189
2015-09-15,-13.486732565527818,181.78834318026477,168.30161061473697,86.08557569522813,22.43918225173611,0.2235633120281957,0.8457031267520682,148.0,85.23642621210207,81.48903106705701,15.118148976259933,147.6304719039414,404.4033771324788,396.13922911240655,27.389976651558012,26.0,,3.7360697,398.528,104.84861,296.51175,-0.22359085,10,9.0,0.82396466,1.0843719,11.637647,83.594826,,19.855402,80.16315,76.58268,1.3889401,2366.6882,0.7525461,141.9385,0.73376274,653.428,0.7545788,20.05067,0.99382067,23.585346,0.99852765,14.099816,145.42715,-16.238189
2015-10-15,-33.935727536406475,198.30552882857472,164.36980129216826,88.28831599763043,23.353592082325267,0.24026206800189048,0.8444565387961022,130.8,98.09388360819815,80.8782154016525,11.59298220712728,158.30187853206385,413.5678827442899,397.93791098476925,28.9864039512342,26.0,,3.7360697,398.573,104.84861,297.70325,0.08958626,10,10.0,0.7967789,1.0590886,11.637647,83.594826,,19.855402,80.16315,88.99517,0.99462914,2425.7744,0.7710622,195.84944,0.952063,534.1026,0.95899445,21.00159,0.92665935,24.463667,0.959793,13.90055,145.42715,-16.238189
2015-11-15,-2.0680719960320166,201.5510323769236,199.48296038089157,78.60465095571851,25.622897554513887,0.20946118896571755,0.8902178105773159,194.0,121.95692901041039,74.40755076579899,31.269174547673003,182.17464076571179,432.3771957305364,404.2793257370514,33.29556348086981,26.0,,3.7360697,398.7,104.84861,300.61792,0.25269318,10,11.0,0.78752124,1.0687833,11.637647,83.594826,,19.855402,80.16315,125.66216,0.7297074,2515.9229,0.79910666,291.24002,0.92545015,592.9721,1.0796899,21.557789,0.98958313,27.215233,1.0119599,16.030073,145.42715,-16.238189
2015-12-15,22.740634740442538,197.05853897947543,219.79917371991795,96.06993127060062,25.690189152793835,0.28542467569223184,0.9800680593979636,399.0,88.4507212618775,88.00671421951375,4.281643357670473,131.43925622138443,436.8446403753709,411.1847572297878,33.401754338390106,26.0,,3.7360697,398.733,104.84861,297.89645,-2.4257069,10,12.0,0.762581,1.029324,11.637647,83.594826,,19.855402,80.16315,764.69696,2.454657,3177.1304,1.0076014,979.3543,1.7011328,1121.2928,1.4578408,19.954021,0.8845075,27.172167,0.98319405,12.051877,145.42715,-16.238189
2016-01-15,62.40488840252609,177.90300862588316,240.30789702840923,121.49418073289371,27.184765420450365,0.28972477985367934,0.868866608145216,279.8,126.56791883805762,111.29708850292265,16.768244937753302,189.0405050594212,439.2147125792563,414.4390067969808,36.602863322361024,26.0,,3.376707,398.848,104.84861,300.9886,-0.25024605,10,1.0,0.8184103,1.082485,4.561827,91.06352,,19.855402,80.33901,200.74738,0.37719595,2973.906,0.95022726,1091.1064,1.1114916,1286.9558,1.0854634,21.3374,1.0768989,28.088839,1.0172999,14.900259,145.42715,-16.238189
2016-02-15,67.84403967321967,172.27421877108827,240.11825844430794,124.19829436530426,28.167483381090026,0.26044124622799497,0.8514997896422961,138.20000000000002,141.51537585774645,121.62074355631809,26.19186499392492,210.80649173026245,443.34530430476684,414.69050927733235,38.83220547427039,26.0,,3.376707,399.135,104.84861,302.90335,1.0525036,10,2.0,0.8020892,1.0537434,4.561827,91.06352,,19.855402,80.33901,192.10335,0.3429786,2640.7786,0.8464585,1157.5477,0.8451927,1448.7877,0.8607739,23.058807,1.149518,28.700853,1.0490613,14.767364,145.42715,-16.238189
2016-03-15,36.116620720540226,206.82029037053715,242.93691109107738,137.57225828956138,26.608645310359734,0.32507390544857434,0.9307300577904868,183.2,103.22275179844839,126.02572167684728,4.885255953501557,146.20282573241988,441.5424527486024,428.0129043807259,35.331109798284125,26.0,,3.376707,399.386,104.84861,299.28445,-1.1413307,10,3.0,0.8150729,1.0597107,4.561827,91.06352,,19.855402,80.33901,589.1143,0.919481,2614.7473,0.83681595,981.965,0.57374394,1961.3193,0.8606212,18.062742,1.0101897,27.275791,1.0299624,9.964406,145.42715,-16.238189
2016-04-15,0.2240787914159128,203.16077114983173,203.38484994124764,142.21905854642284,25.6545116590541,0.30453481170309504,0.8793240248096091,6.8,77.22126576451261,134.62526313638236,-21.56188584920525,114.06046525366462,433.98986995392045,415.4579544542849,33.36329684547832,26.0,,3.376707,399.734,104.84861,297.99234,-1.1123257,10,4.0,0.809931,1.0321459,4.561827,91.06352,,19.855402,80.33901,277.96823,0.70618093,2684.395,0.85477436,1059.1859,0.65893656,2150.2925,0.83052486,16.51082,1.0027095,25.954672,1.0290842,10.717927,145.42715,-16.238189
2016-05-15,0.14990884799631177,170.00729882419864,170.15720767219494,118.48353849143074,25.097442782689786,0.3417083683167377,0.9146368757316199,46.00000000000001,65.49696680135347,108.53913158698269,-14.94152187925699,94.97903400193594,429.5198304770838,416.47555843626213,32.238687289008425,26.0,,3.376707,400.24,104.84861,298.66293,0.22555542,10,5.0,0.8580322,1.08406,4.561827,91.06352,,19.855402,80.33901,442.3206,2.4197955,3059.923,0.9748909,1309.4031,1.064861,2466.951,0.9491143,14.055492,0.9626524,25.287384,1.0756716,9.1137905,145.42715,-16.238189
2016-06-15,-29.353735617898003,124.24453388297856,94.89079826508055,113.32033500778633,23.46251683230546,0.3313578336210412,0.9138579684175726,16.200000000000003,54.5127281785836,107.26958872496317,-9.905357133036416,87.56172644743035,417.60857563134743,416.37921580875076,29.161521110417155,26.0,,3.376707,400.786,104.84861,296.5278,-0.1806755,10,6.0,0.8566592,1.0699825,4.561827,91.06352,,19.855402,80.33901,147.76297,1.6062092,2971.3098,0.9460578,868.05176,1.2907614,1850.0167,0.7760088,13.512135,0.9638941,23.558483,1.078694,8.794854,145.42715,-16.238189
2016-07-15,-18.354567851026594,135.1986842358953,116.84411638486873,107.82549674335877,22.488235893817205,0.3307128846102151,0.8276707132392475,8.2,59.21823651435302,98.77562679566347,-10.21340338946771,90.6949938544629,411.9758553091398,405.900220208361,27.478563294257157,26.0,,3.376707,401.305,104.84861,296.12866,0.3811512,10,7.0,0.8461786,1.0499904,4.561827,91.06352,,19.855402,80.33901,124.69324,1.593359,3060.9185,0.9734895,714.7768,2.0350697,1773.9626,0.9057085,13.36372,0.946138,22.597517,1.0705075,8.901431,145.42715,-16.238189
2016-08-15,-39.20376561775205,165.71474450134735,126.51097888359531,106.55117879956157,21.812665495245344,0.31694216413706944,0.8928679894417788,0.8,76.56469227067261,97.60826325515393,0.2769227661518203,120.20460866845018,405.49146872887525,397.25250560516514,26.32957940870812,26.0,,3.376707,401.613,104.84861,295.35034,0.009098053,10,8.0,0.8401149,1.0702598,4.561827,91.06352,,19.855402,80.33901,96.149345,1.5566423,3126.7964,0.99349356,368.60556,1.571845,1678.0085,1.1460618,16.05594,0.94812286,22.19125,1.0187669,9.51586,145.42715,-16.238189
2016-09-15,-42.81240464387362,170.42966251906432,127.61725787519069,81.68401631258698,24.430652562500004,0.25878037881944443,0.8449142335416667,10.4,86.28833371221499,77.32249321935316,14.792408667384443,140.24003566794514,420.93300784722226,400.73153465277153,30.97211025182848,26.0,,3.376707,401.768,104.84861,298.18542,-0.11843681,10,9.0,0.8165259,1.0745821,4.561827,91.06352,,19.855402,80.33901,70.94914,1.2867676,3121.163,0.99244964,291.79175,1.5084413,1159.8434,1.3393875,19.051117,0.94427735,25.153868,1.0649338,12.060822,145.42715,-16.238189
2016-10-15,-44.30222729500103,176.7807015516654,132.47847425666438,93.89807708594594,24.917482654008,0.22230496784609124,0.821130940617793,3.0,108.75721674837197,86.0171452875138,16.85630748444035,174.2758488211043,416.54191754751577,393.43954397446583,31.91644424824838,26.0,,3.376707,401.798,104.84861,299.78293,0.7832947,10,10.0,0.8086812,1.0749092,4.561827,91.06352,,19.855402,80.33901,95.7881,1.0705484,3127.956,0.99425924,262.8866,1.277944,977.6634,1.7554188,22.464153,0.9911924,25.84964,1.0141695,15.767256,145.42715,-16.238189
2016-11-15,-28.264883292635503,174.85377512088778,146.58889182825226,102.27282827516031,26.38046165032818,0.18240472612798467,0.8433374034855845,36.0,127.54640784474864,96.81196429627056,26.548373002664235,199.6294457654433,425.4459561082141,400.08872014856655,34.87777667437504,26.0,,3.376707,401.532,104.84861,300.7617,0.2750969,10,11.0,0.8030156,1.0898114,4.561827,91.06352,,19.855402,80.33901,33.24044,0.19302386,3035.5344,0.9641455,199.97769,0.63545316,568.5832,1.0352824,23.254799,1.0674822,27.336597,1.0164727,18.24679,145.42715,-16.238189
2016-12-15,-29.620056416512586,192.37017825711592,162.75012184060333,100.53113932644061,27.19666375490077,0.17917114922634278,0.8475373154663701,38.8,120.72474212936997,92.09348993852846,20.88150985960753,186.23265477144562,432.7182946593644,402.7826427251516,36.636962628547465,26.0,,3.376707,401.333,104.84861,301.2663,0.22776222,10,12.0,0.7974212,1.076351,4.561827,91.06352,,19.855402,80.33901,99.446915,0.31922197,2370.2842,0.7517166,228.47545,0.39686054,520.2672,0.67642164,23.847574,1.0570982,27.88854,1.0091152,17.805218,145.42715,-16.238189
2017-01-15,10.55497630219342,154.0810004198718,164.6359767220652,135.06937935288914,28.071324548314987,0.2749167434402384,0.975297049284476,280.6,119.90068801853354,123.73291113360543,15.499461272564734,174.42947021338867,443.59509086540487,423.19417823849244,38.56131058584492,26.0,,4.7648244,401.311,104.84861,301.91553,0.61818695,10,1.0,0.8211135,1.0860604,6.9176946,86.66662,,19.855402,76.402176,490.9265,0.92243046,2660.4631,0.8500755,623.6139,0.6352649,886.5005,0.7477054,18.62326,0.9399163,28.147346,1.019419,11.58312,145.42715,-16.238189
2017-02-15,39.092896068207295,113.6650586337927,152.757954702,104.52896235235079,27.3025577917458,0.29981281945331606,23.805591202544594,127.6,94.65625688220163,106.0153199519378,-1.2342801989500665,137.7085169126808,443.6748113095238,410.32955972272526,28.333847722021147,26.0,,4.7648244,401.306,104.84861,299.57602,-0.98106766,10,2.0,0.82245255,1.0804957,6.9176946,86.66662,,19.855402,76.402176,993.57306,1.7739112,3461.9326,1.109666,1583.9465,1.1565312,1783.9242,1.0598899,18.526264,0.9235636,27.407093,1.0017723,9.090383,145.42715,-16.238189
2017-03-15,35.73336915788392,144.46989610797854,180.20326526586246,132.59945073464982,27.35173428537217,0.3201493014493017,0.9510686373313338,134.0,110.15715564004167,121.4702853653438,7.172263585577534,161.9631355112486,439.96352421976087,416.66694325823164,36.941653056368615,26.0,,4.7648244,401.409,104.84861,300.83362,-0.12402916,10,3.0,0.82229495,1.0691005,6.9176946,86.66662,,19.855402,76.402176,344.73676,0.53806007,3217.5552,1.0297368,1829.2363,1.0687888,2057.712,0.902918,18.717329,1.0467986,27.807653,1.0500461,10.9304285,145.42715,-16.238189
2017-04-15,-33.397122575186735,189.20455745258064,155.80743487739394,149.56450001720128,24.902573300410506,0.3288191263121095,0.8555987685915276,5.4,74.13841948694977,141.57849430640627,-21.558264909671767,112.56926871444108,426.776663611747,413.9619109304339,31.87629910265473,26.0,,4.7648244,401.664,104.84861,297.62857,-0.740921,10,4.0,0.8439608,1.0755122,6.9176946,86.66662,,19.855402,76.402176,271.7129,0.6902892,3211.3,1.0225532,1610.0227,1.001621,2233.6367,0.86271554,16.266039,0.9878438,25.219498,0.9999351,10.736809,145.42715,-16.238189
2017-05-15,-35.56453057664288,192.30912103679208,156.7445904601492,113.43177111122607,23.496335237989154,0.30331143349795636,0.8546774063485084,13.8,80.96259839430579,103.9113626039816,-2.2664518209269877,119.4882316071009,416.9479213768263,408.0259467295633,29.239881495181056,26.0,,4.7648244,401.903,104.84861,295.5623,-1.3661842,10,5.0,0.8412289,1.0628302,6.9176946,86.66662,,19.855402,76.402176,110.9888,0.60718447,2879.968,0.91755724,727.4385,0.59158325,2311.385,0.8892632,15.117678,1.0354009,23.778477,1.0114859,9.896113,145.42715,-16.238189
2017-06-15,-34.427373899528675,159.23034492303836,124.80297102350968,102.153654636872,21.428606231360632,0.28680874681975005,0.8413189593185235,13.2,56.23977543559922,96.69915394175509,-12.910184455403472,92.64754437785982,405.8091253110891,407.2002553795833,25.71870446213246,26.0,,4.7648244,402.207,104.84861,293.5763,-1.5199909,10,6.0,0.8349485,1.0428655,6.9176946,86.66662,,19.855402,76.402176,67.45562,0.7332543,2799.661,0.8914052,450.15732,0.66936755,2279.3936,0.95611537,13.347225,0.95213026,21.946291,1.0048751,9.038644,145.42715,-16.238189
2017-07-15,-47.414301689292195,206.74316864190857,159.32886695261638,94.71371382735393,22.09483808139933,0.30099081369926944,0.9075167384758093,4.6,66.94771456609797,86.76432506227435,-6.28349701951082,105.20179202353361,409.95171063685723,404.873919505899,26.79283186498048,26.0,,4.7648244,402.837,104.84861,295.2245,-0.58229256,10,7.0,0.8552337,1.0612266,6.9176946,86.66662,,19.855402,76.402176,83.230415,1.0635375,2758.198,0.8772128,261.67484,0.7450249,1871.6975,0.95560765,13.43465,0.95115983,22.656786,1.0733153,9.692131,145.42715,-16.238189
2017-08-15,-72.79872633955178,194.71636610799067,121.91763976843889,81.30472922569638,22.402765846935118,0.22599757572293352,0.8169713856266803,3.8000000000000007,86.02818392567056,74.48076599020634,12.33522811030002,140.29615333161084,402.7897766258716,388.76827782067056,27.33598643676467,26.0,,4.7648244,403.399,104.84861,295.9934,-0.087841034,10,8.0,0.8427852,1.0736616,6.9176946,86.66662,,19.855402,76.402176,16.928347,0.27406716,2678.977,0.8512055,167.61438,0.71475816,895.05286,0.61131144,17.59987,1.0392938,22.931255,1.0527394,12.758331,145.42715,-16.238189
2017-09-15,-75.42165529402989,170.15311269717725,94.73145740314737,71.49446868045742,22.824348104166667,0.19900228194444441,0.7622839099305556,21.0,78.62712611348611,67.67701711202557,21.113923976175613,141.3693823952639,407.3344964583333,391.0214794423427,28.076063094462476,26.0,,4.7648244,403.611,104.84861,296.9824,-0.08319473,10,9.0,0.8211162,1.0806231,6.9176946,86.66662,,19.855402,76.402176,33.40914,0.6059242,2641.4373,0.8399092,133.5679,0.6904902,583.7252,0.6740861,20.66584,1.0243118,23.915592,1.0125092,13.843366,145.42715,-16.238189
2017-10-15,-55.92570870973085,151.62822858026664,95.70251987053581,109.02002441548815,24.23694250672043,0.24153695742607528,0.81910894422043,65.60000000000001,93.35896232972446,99.86989691825033,13.981261790258856,149.2173397819422,421.58992278225804,412.43980605499416,30.614231644128612,26.0,,4.7648244,403.737,104.84861,300.75543,1.9165802,10,10.0,0.8098275,1.076433,6.9176946,86.66662,,19.855402,76.402176,255.40936,2.8545098,2801.0586,0.8903509,305.74686,1.4862962,567.4217,1.0188197,21.571724,0.9518155,25.688858,1.0078614,13.047687,145.42715,-16.238189
2017-11-15,-75.9125453773963,154.73145731909048,78.81891194169418,113.4805968468919,25.059268110647828,0.2747610228692413,0.8566594586710847,99.00000000000001,107.92832417652613,107.42129337327698,8.317252807451261,161.75436121860042,429.09836631206394,408.3322430089082,32.18247879634153,26.0,,4.7648244,403.847,104.84861,299.73016,0.22979164,10,11.0,0.79711986,1.0818101,6.9176946,86.66662,,19.855402,76.402176,232.28394,1.3488492,3000.102,0.95289147,521.1024,1.6558656,688.7168,1.2540228,20.006376,0.9183675,26.350378,0.97980154,13.830594,145.42715,-16.238189
2017-12-15,-43.84368740288795,143.79968034849804,99.95599294561012,101.82222651339251,26.389703225883025,0.22609577563532793,0.879715990430803,16.999999999999996,136.5991523810058,93.27621526779417,30.444468971063188,208.6063042364073,429.9162870290492,410.299423483355,34.88448076517754,26.0,,4.7648244,403.856,104.84861,300.20786,-0.91727066,10,12.0,0.8058704,1.0877557,6.9176946,86.66662,,19.855402,76.402176,66.350395,0.21298301,2967.0054,0.94096196,554.0437,0.9623707,687.61163,0.8939933,24.82571,1.1004562,27.975132,1.0122484,18.36029,145.42715,-16.238189
2018-01-15,-42.13420016110466,144.06272801997488,101.92852785887021,102.74960497721699,26.26793543682796,0.3064157804099462,83.42264297715053,991.0,97.49652075274395,94.1257582034422,8.244437550676958,144.3627894579187,439.25544643817204,405.3106606322363,5.791408705074669,26.0,,4.657496,403.9,104.84861,300.50125,-0.1834774,10,1.0,0.80134195,1.0599092,7.5754037,86.39968,,19.855402,76.21577,643.4441,1.2090046,3119.5227,0.99675494,942.0784,0.95967925,1247.8252,1.0524592,19.158342,0.96692187,27.534735,0.9972318,11.841511,145.42715,-16.238189
2018-02-15,-8.726026787107665,97.84490705974747,89.1188802726398,89.00678362639161,26.37122336386414,0.29785795221836414,82.27790961593979,572.8000000000001,117.48981389574026,90.27242241472985,24.959213405937287,179.3943060698462,432.4505230351626,408.4727301706336,6.230158225323341,26.0,,4.657496,403.956,104.84861,302.20993,1.8109646,10,2.0,0.8180674,1.0747347,7.5754037,86.39968,,19.855402,76.21577,486.5787,0.8687307,2612.5283,0.83740336,1196.3732,0.8735414,1717.4757,1.0204105,21.87924,1.0907147,27.248972,0.9959928,11.166026,145.42715,-16.238189
2018-03-15,-31.866595341162917,144.63361222961197,112.76701688844906,94.40310283490172,25.856916189132125,0.3183240972446236,85.2736355761223,1338.8000000000002,77.48591180663928,86.47978386936785,3.9213078287072825,116.99242793070239,437.1773672778061,401.09392710113497,5.018120760720738,26.0,,4.657496,404.032,104.84861,299.60223,0.10102081,10,3.0,0.83301747,1.0830413,7.5754037,86.39968,,19.855402,76.21577,1156.1818,1.8045515,3423.9731,1.0957981,2286.2046,1.3357868,2840.2483,1.2462926,16.85711,0.9427626,26.35122,0.9950496,8.092535,145.42715,-16.238189
2018-04-15,-69.19487409306578,176.7684126420972,107.57353854903141,100.4328717272903,25.24487818312904,0.2534892178472222,78.58690673246018,225.8,82.95302212997682,95.07025234185167,2.552866700316906,137.5035727361033,425.1717001105817,388.23292761805385,7.02996088202143,26.0,,4.657496,404.286,104.84861,297.5283,-1.099762,10,4.0,0.8420396,1.0730639,7.5754037,86.39968,,19.855402,76.21577,127.17429,0.3230875,3279.435,1.044249,1769.9348,1.1011049,2712.0132,1.0474827,17.6587,1.0724207,25.478058,1.0101868,11.643979,145.42715,-16.238189
2018-05-15,-53.21496160467069,144.58022990851345,91.36526830384273,80.514199109254,23.450494049473676,0.30499763222446236,80.49434076352412,369.8,52.89156390034553,73.75658562368041,-7.93108800793357,90.33958239470937,417.30398054297865,390.7891021811894,5.736350789374748,26.0,,4.657496,404.532,104.84861,295.65018,-1.0014935,10,5.0,0.8266918,1.0444636,7.5754037,86.39968,,19.855402,76.21577,142.39299,0.7789868,3310.839,1.0548327,1425.749,1.1594784,2622.1223,1.0088137,14.067695,0.9634881,23.501677,0.9997114,9.7208,145.42715,-16.238189
2018-06-15,-64.63258413685922,148.39492683380672,83.76234269694751,75.0807171836021,21.74390741462058,0.2331468184027778,77.59627092635948,145.4,52.11380858460329,71.07177765497151,2.3944822163240302,106.77929884138221,395.6435286050286,383.4282245887007,5.926464815317049,26.0,,4.657496,404.807,104.84861,295.15604,0.66534233,10,6.0,0.84000474,1.0491809,7.5754037,86.39968,,19.855402,76.21577,57.152546,0.6212581,3300.5361,1.0508827,326.71985,0.48582053,2612.9246,1.0960184,14.844714,1.0589544,21.3407,0.9771463,9.772801,145.42715,-16.238189
2018-07-15,-62.26760950407571,146.14995268551854,83.88234318144282,68.46561378306077,21.890120359228646,0.23285735493951612,81.08129065134307,220.8,56.168631822232335,62.71924655694367,9.85746926749709,112.01234954737637,397.29083911628356,381.5230594848629,5.050435270449993,26.0,,4.657496,405.308,104.84861,294.76636,-0.009029388,10,7.0,0.8464805,1.050365,7.5754037,86.39968,,19.855402,76.21577,130.94006,1.6731824,3348.2456,1.0648706,330.4856,0.9409388,2100.4204,1.0723836,14.387408,1.0186142,21.625393,1.0244553,9.51219,145.42715,-16.238189
2018-08-15,-74.78299127822083,153.2202002146735,78.43720893645266,69.52320148962664,22.041238582115678,0.17147170164650538,75.63843283334755,6.2,75.39174631896407,63.68807018180552,24.383209084986067,143.4877878504187,392.91194282634194,370.3796036417492,6.564977224072658,26.0,,4.657496,405.782,104.84861,296.3879,1.345684,10,8.0,0.82928675,1.0564653,7.5754037,86.39968,,19.855402,76.21577,5.6777525,0.09192189,3336.995,1.0602812,193.77036,0.82629514,1619.5194,1.1061143,18.471502,1.0907646,21.892231,1.0050393,13.410015,145.42715,-16.238189
2018-09-15,-95.28328476363134,155.63495426613173,60.3516695025004,73.12513660065314,23.04876573352187,0.1598898664236111,79.06101108610449,63.4,85.36568136927913,69.22061541796394,28.139313739587912,154.11051758490117,401.6413998316887,372.40506883230523,6.006897734860066,26.0,,4.657496,405.993,104.84861,297.65936,0.9039097,10,9.0,0.7995994,1.0523062,7.5754037,86.39968,,19.855402,76.21577,15.448844,0.2801876,3319.0347,1.0553677,152.06665,0.786121,478.78653,0.5529028,21.212921,1.0514282,23.60546,0.99937916,14.969248,145.42715,-16.238189
2018-10-15,-73.19841075291276,140.23311848300762,67.03470773009485,65.8166823840917,24.581455061461217,0.15938111249373607,77.424661704636,50.199999999999996,123.50590958813146,60.29264183751771,43.52328684765921,200.04716659885193,411.61759871930326,378.4626920094722,7.117095654169184,26.0,,4.657496,406.039,104.84861,300.75363,1.7189713,10,10.0,0.782207,1.0397193,7.5754037,86.39968,,19.855402,76.21577,43.27941,0.4837,3106.9048,0.98756784,64.406006,0.31309038,394.89163,0.7090377,23.944536,1.0565118,25.884666,1.0155436,16.26207,145.42715,-16.238189
2018-11-15,-60.72900429694814,122.41240285046806,61.683398553519915,76.90831126803337,26.705979125573876,0.15457043750498245,74.10013153518379,68.8,118.25019606259133,72.80178724045011,35.31240793232926,185.4842581609212,430.19476356080384,382.0948928142044,9.291135555837965,26.0,,4.657496,405.967,104.84861,303.08975,1.8876877,10,11.0,0.7758945,1.0530041,7.5754037,86.39968,,19.855402,76.21577,60.870113,0.35346657,2935.4907,0.93236965,119.59837,0.3800382,313.3687,0.5705851,22.978874,1.0548162,28.05207,1.0430765,18.867126,145.42715,-16.238189
2018-12-15,-28.136065220719868,100.55854549822422,72.42248027750436,109.87793989935714,27.003271455491944,0.27781483983550515,80.39406583012584,1919.2000000000003,89.54153358259826,100.65580695081492,9.152797841505636,135.72412598720115,441.6066241919594,395.7945903501073,7.16054463772807,26.0,,4.657496,405.893,104.84861,303.1437,2.257967,10,12.0,0.7834312,1.0574673,7.5754037,86.39968,,19.855402,76.21577,1385.7755,4.4483027,4254.916,1.3494124,1489.925,2.5879912,1641.9917,2.1348236,20.20714,0.8957276,27.735746,1.0035865,11.440683,145.42715,-16.238189
2019-01-15,-57.07339393955888,133.59760818690222,76.52421424734334,103.55472037330945,26.341990826612903,0.32511690430881907,0.8386489490591398,0.0,93.71785198979356,94.86329969681604,4.447290262128162,138.358391521814,439.239470417588,385.6778470391772,34.798321603806485,26.0,,3.7360697,405.872,104.84861,301.96384,1.9101391,10,1.0,0.79877764,1.0565175,11.637647,83.594826,,19.855402,78.185844,991.48016,1.86295,4602.9517,1.4707426,2438.1257,2.4836771,2502.5317,2.1107225,18.12673,0.9148564,26.903704,0.97437763,8.977951,145.42715,-16.238189
2019-02-15,-13.593029597066344,121.55730883463796,107.9642792375716,144.67908464521526,27.982889285714286,0.3020189223940493,0.7606903039434524,325.199995,115.03211262806694,146.73635998904606,2.5335682099795727,174.3892259106787,441.71607680461835,364.8339344415335,38.440896584323866,26.0,,3.7360697,405.812,104.84861,305.27435,4.147463,10,2.0,0.80728096,1.060564,11.637647,83.594826,,19.855402,78.185844,267.7092,0.4779642,4384.0825,1.4052461,2644.9648,1.9312421,2764.5632,1.6425208,20.789894,1.0364091,27.976896,1.0225996,12.052569,145.42715,-16.238189
2019-03-15,-36.01360541564194,148.92259373180815,112.90898831616619,98.20324071141592,26.19009139784946,0.34783589558443134,0.8610105823924732,1073.999933,87.2257607991193,89.96097349519492,0.558542733050313,129.76991943855555,438.960721068367,376.00220942358345,34.47194824091436,26.0,,3.7360697,405.948,104.84861,299.60416,-0.2218113,10,3.0,0.789935,1.027028,11.637647,83.594826,,19.855402,78.185844,1076.5713,1.6802967,4304.472,1.3775905,2335.7607,1.3647416,3825.6858,1.6786997,16.565601,0.92645955,26.675974,1.0073127,8.54346,145.42715,-16.238189
2019-04-15,-55.05655417259791,139.5593560965375,84.50280192393959,86.41492670412683,25.0995934375,0.34561457504246074,0.8247823025,626.7999609999999,72.19938614554805,81.80079635850525,-4.951199887450376,113.5164039875582,431.06912317169093,375.83447074615754,32.27215797453215,26.0,,3.7360697,406.352,104.84861,296.5521,-1.9574051,10,4.0,0.8169066,1.0410353,11.637647,83.594826,,19.855402,78.185844,340.7347,0.8656398,4518.0327,1.4386476,1685.0153,1.048275,4123.141,1.5925142,15.983289,0.97067225,25.359505,1.0054862,9.011203,145.42715,-16.238189
2019-05-15,-23.932276044268043,117.44318539945874,93.51090935519069,87.10655636535822,23.560057204301078,0.332051013356702,0.8291295127688171,395.59997899999996,57.74106099491252,79.7956416883374,-5.763286132928667,96.81248604195117,420.72418613287573,387.94251588138894,29.362585555378928,26.0,,3.7360697,406.862,104.84861,295.96713,-0.9989567,10,5.0,0.82040393,1.0365194,11.637647,83.594826,,19.855402,78.185844,171.19112,0.9365322,4546.8306,1.4486194,1588.4972,1.2918321,4233.462,1.6287472,13.76678,0.9428786,23.816095,1.0130861,8.423915,145.42715,-16.238189
2019-06-15,-22.331983233642426,104.61496331485672,82.2829800812143,59.24351348775639,21.384384729166666,0.3170598226256907,0.8049242769444445,198.39999900000004,46.050759178912685,56.08020242807063,-1.4423525334571992,88.00024123325896,403.6266791129934,387.6498852996535,25.65705787176627,26.0,,3.7360697,407.409,104.84861,295.05576,0.26755524,10,6.0,0.8441622,1.0543736,11.637647,83.594826,,19.855402,78.185844,70.231346,0.76342696,4559.9097,1.4518641,582.15717,0.86564654,2917.918,1.2239511,13.356641,0.95280194,21.638206,0.9907685,8.301945,145.42715,-16.238189
2019-07-15,-32.17153925221852,104.4498407010775,72.278301448859,59.10357997122661,20.704703528225807,0.3012208823836656,0.7988447392473119,140.599999,55.97017033828651,54.142974842219836,11.248871781676527,113.98999784714235,391.2361823583616,391.1415832870301,24.587782019322606,26.0,,3.7360697,408.009,104.84861,294.36523,0.40565872,10,7.0,0.8378622,1.039671,11.637647,83.594826,,19.855402,78.185844,66.08025,0.8443887,4495.0493,1.4295982,307.50272,0.8755033,1992.518,1.0172933,14.215612,1.0064511,20.809582,0.9858081,9.0499,145.42715,-16.238189
2019-08-15,-33.029783717409146,122.8272732907547,89.79748957334556,64.43496690469314,21.24242178763441,0.25284123264009484,0.7742623271505377,73.6,78.40059258370314,59.02689471227414,20.914822723490094,139.85836705327372,395.5859097991476,396.00285898821204,25.437894190721345,26.0,,3.7360697,408.513,104.84861,295.75742,0.97951317,10,8.0,0.82663506,1.0530872,11.637647,83.594826,,19.855402,78.185844,25.913858,0.41954115,4515.2856,1.4346656,162.22546,0.69177824,1750.7225,1.1957246,17.274378,1.020073,21.627909,0.9929047,10.969009,145.42715,-16.238189
2019-09-15,-43.0240823887002,133.33074428295564,90.30666189425544,53.2653860818381,22.10953409027778,0.17979243151182753,0.7088056488194444,13.6,91.35219669211533,50.42127750401156,34.13595549710578,167.30496224851882,393.3893307339235,392.29029524055795,26.87113973412413,26.0,,3.7360697,408.756,104.84861,297.64227,1.9776325,10,9.0,0.80791944,1.0632557,11.637647,83.594826,,19.855402,78.185844,10.60375,0.19231468,4510.4404,1.4342041,102.59786,0.53038806,684.75507,0.7907554,21.887884,1.084883,22.514647,0.95319766,15.271769,145.42715,-16.238189
2019-10-15,-57.81327253659285,146.36702284201147,88.55375030541862,68.13246505149587,23.76341204973118,0.17426033534502625,0.7860270698252688,109.199996,105.05321976055869,62.41405923325503,28.656599499712296,170.0973909097255,412.6360145831335,390.24318807930376,29.745752857511548,26.0,,3.7360697,408.902,104.84861,299.09286,0.90914917,10,10.0,0.7872012,1.0463578,11.637647,83.594826,,19.855402,78.185844,82.9388,0.9269418,4550.1,1.4463052,119.456406,0.5807013,426.9591,0.7666156,22.74107,1.0034108,25.033722,0.9821582,15.462575,145.42715,-16.238189
2019-11-15,-48.730642376824576,140.64776566921097,91.9171232923864,60.29990353532071,25.064746722222218,0.1534018951165814,0.7478898101388888,7.0,129.67011515703678,57.08018646383599,51.444989327772085,208.78362605591454,414.462247675023,388.96293908642497,32.22856220386094,26.0,,3.7360697,408.935,104.84861,301.84973,2.0975742,10,11.0,0.7544312,1.0238752,11.637647,83.594826,,19.855402,78.185844,4.0743117,0.023659114,4493.304,1.4271619,97.61686,0.3101893,259.84232,0.47312364,24.334475,1.1170434,26.602163,0.9891638,18.864023,145.42715,-16.238189
2019-12-15,-19.162622311509033,137.2057945345453,118.04317222303624,77.91587466663826,26.553742560483872,0.16132765602524324,0.7908013498655914,146.199999,124.1147801367515,71.37634038308828,36.40906926250571,187.83926094818543,434.0974701254411,400.42445900953464,35.26383244112335,26.0,,3.7360697,408.699,104.84861,302.90192,1.6151867,10,12.0,0.7710604,1.0407695,11.637647,83.594826,,19.855402,78.185844,117.04735,0.3757189,3224.5762,1.0226485,204.06046,0.35445184,306.65833,0.3986996,23.303286,1.0329713,28.136736,1.0180959,16.60791,145.42715,-16.238189
2020-01-15,14.844448811842437,110.27157850880258,125.116027320645,107.89113678321436,26.891925080645162,0.2849350566216566,0.8259576620295699,933.53004242,108.2139255486132,98.83575762070443,12.349505186465027,166.89462451859276,441.34954116571896,413.41055612908093,35.978390573650245,26.0,,3.7568347,408.423,104.84861,302.15744,0.8106594,10,1.0,0.779982,1.0316571,5.7702785,89.739,,19.855402,78.23359,561.03156,1.0541549,2794.1274,0.8927841,682.1532,0.69489783,801.6096,0.6761055,19.86715,1.0026954,28.196787,1.0212095,11.791823,145.42715,-16.238189
2020-02-15,32.361638669390196,118.15614373064344,150.51778240003364,95.5815709138331,28.137480376086398,0.2596194968012603,0.9703021232090825,260.15999979,128.90251941208996,93.59791762219864,24.983320524986713,193.08299513066993,444.08245471022803,412.9954104692521,38.7161552217033,26.0,,3.7568347,408.497,104.84861,302.862,1.1351776,10,2.0,0.80590343,1.0587543,5.7702785,89.739,,19.855402,78.23359,294.0266,0.5249509,2820.445,0.90404767,972.1055,0.7097906,1069.7224,0.63555837,22.294014,1.1113919,28.576828,1.044528,12.058023,145.42715,-16.238189
2020-03-15,-1.7977834735281437,156.33483891300796,154.5370554394798,99.15921319601807,25.73214073142222,0.30993083571177316,1.1628617148293796,671.0,88.13448422972317,90.8367105353009,1.2859922678457303,132.8073521081456,438.5960416055415,404.77949196014094,33.42520853238229,26.0,,3.7568347,408.748,104.84861,300.21954,0.21536827,10,3.0,0.7889824,1.0257894,5.7702785,89.739,,19.855402,78.23359,351.5641,0.54871607,2095.438,0.67061776,1206.6223,0.705007,1410.6827,0.6190035,17.10558,0.9566587,26.854181,1.014042,10.125672,145.42715,-16.238189
2020-04-15,-25.622855303456873,163.20237668431344,137.57952138085656,92.52284499657758,25.13927408304733,0.31861805717727965,10.314893431483132,260.8,86.17761423127793,87.58258197669859,4.898446409970853,136.87500101156368,430.46671240259053,407.2910448137792,29.25477097738509,26.0,,3.7568347,408.976,104.84861,298.5099,-0.7876835,10,4.0,0.8219919,1.0475159,5.7702785,89.739,,19.855402,78.23359,176.05627,0.44727263,1930.7593,0.614799,821.647,0.5111598,1503.8002,0.5808249,17.19923,1.0445169,26.147577,1.0367328,11.148308,145.42715,-16.238189
2020-05-15,-89.7565378140485,199.4339641871759,109.67742637312735,77.03008188058467,22.465388409329222,0.32161236974452656,19.113854422583916,190.88999189,294.5552565971768,70.56489280996212,10.707591326257473,336.2464193288947,411.2279313540331,401.4546614492244,22.38006361507555,26.0,,3.7568347,409.237,104.84861,296.16943,0.040260315,10,5.0,0.8516064,1.0759414,5.7702785,89.739,,19.855402,78.23359,217.79272,1.1914748,1977.3608,0.62998676,745.4131,0.60620093,1717.5187,0.66078395,14.448858,0.98959374,22.97918,0.9774855,9.538299,145.42715,-16.238189
2020-06-15,-38.82933077884124,139.03400103995477,100.20467026111353,65.16111693945047,22.148652257283167,0.31210476324149644,1.1409365842545531,77.26999893,48.40318440551763,61.68183507817733,-5.733470144277037,83.94118170999916,413.88852303767504,397.4329347027646,26.81943235708886,26.0,,3.7568347,409.654,104.84861,295.32382,-0.6316109,10,6.0,0.86076736,1.0751137,5.7702785,89.739,,19.855402,78.23359,64.33409,0.69932276,1971.4637,0.62770927,458.1831,0.6813016,1664.8054,0.69832,13.231272,0.9438587,22.805439,1.0442137,8.39121,145.42715,-16.238189
2020-07-15,-51.73009843408054,148.27395081225188,96.54385237817137,77.18247718281039,20.72093682551064,0.311704549907354,16.256378885369553,37.22999969,84.24476404421506,70.70449746704881,1.4912672968961316,142.97804640734896,394.941296136705,394.39098548074986,20.777703510826274,26.0,,3.7568347,410.177,104.84861,294.85065,0.35754776,10,7.0,0.84889483,1.0533608,5.7702785,89.739,,19.855402,78.23359,48.69038,0.62217695,1954.0739,0.62147045,330.8172,0.9418829,1152.4642,0.58839834,14.374792,1.0177209,21.343105,1.0110825,10.219089,145.42715,-16.238189
2020-08-15,-58.2542775306,150.0249076992,91.7706301686,79.64733264590805,21.99135862231183,0.24044909387086277,0.7711903653225806,35.31999744,80.74582523978849,72.9624758736559,11.415197983870966,141.1260258173788,400.6537985323937,397.34905681015744,26.65729141023258,26.0,,3.7568347,410.633,104.84861,298.09283,2.496254,10,8.0,0.84621376,1.0780294,5.7702785,89.739,,19.855402,78.23359,27.65923,0.44779843,1955.8192,0.6214328,140.6837,0.59991765,886.0968,0.60519457,17.48697,1.0326269,22.446587,1.030489,11.455705,145.42715,-16.238189
2020-09-15,-79.57624496220001,175.07639952,95.50015455779999,93.0131511411803,23.11878313888889,0.2546953958696096,0.7916964650694445,107.33000203,106.41963545774917,88.04670819444445,12.40724763888889,161.65609827257776,411.5665513725963,400.2148518194776,28.58403954179968,26.0,,3.7568347,410.924,104.84861,296.5572,-0.7233772,10,9.0,0.82029146,1.0795377,5.7702785,89.739,,19.855402,78.23359,65.99397,1.1968982,2011.2095,0.63951296,142.34358,0.73585683,600.5267,0.6934884,18.65023,0.9244072,24.130573,1.0216109,11.959455,145.42715,-16.238189
2020-10-15,-79.3486614672,196.76613885299997,117.4174773858,106.20310590968373,24.43347942876344,0.18822975439440517,0.7574458803763442,50.33999747,144.08529639876886,97.28940436827958,28.99424502688172,221.32935547846066,406.338864038717,402.76632700791936,31.004804189521792,26.0,,3.7568347,411.014,104.84861,300.4027,1.4869328,10,10.0,0.8168153,1.0857211,5.7702785,89.739,,19.855402,78.23359,19.547438,0.21846637,1947.8181,0.6191379,113.20064,0.55029076,444.01782,0.79724497,23.160618,1.0219227,25.765783,1.0108794,15.956654,145.42715,-16.238189
2020-11-15,-71.85756263103158,192.8047972025236,120.94723457149198,69.39271926229262,25.88549966666666,0.1852629946639244,0.7475462858333333,79.24999867,181.35363727899028,65.6874907337813,32.832733317789035,239.8095889449164,416.11315420420294,406.5861730896918,33.87977114956933,26.0,,3.7568347,410.952,104.84861,301.78342,1.4631596,10,11.0,0.7894504,1.0714015,5.7702785,89.739,,19.855402,78.23359,86.16514,0.5003522,2029.909,0.6447391,171.70654,0.5456182,312.39026,0.5688035,22.24528,1.0211415,27.170263,1.0102878,17.467503,145.42715,-16.238189
2020-12-15,-22.56682558110828,146.92513048286386,124.35830490175559,76.85386206234361,26.832626854838708,0.24992705248924663,0.8073600362231182,284.16999646,145.35315627276725,70.4034632452831,26.73626447391723,175.79014470568782,429.5119378519456,415.8495675492434,35.856672690238,26.0,,3.7568347,410.858,104.84861,301.68726,0.2380619,10,12.0,0.7932529,1.0707246,5.7702785,89.739,,19.855402,78.23359,285.28058,0.9157431,2198.1423,0.6971232,390.99316,0.67915285,533.33673,0.6934139,22.950264,1.0173228,28.2992,1.0239744,14.728782,145.42715,-16.238189
2021-01-15,-12.212461735709786,130.47661934402964,118.26415760831988,94.40635838130208,26.535471935483873,0.3345524943525991,0.8449887551075269,922.84997037,103.7949042297207,86.48276617546401,10.345282134408166,131.6555569560477,437.18006201834424,414.77998454097485,35.20567404688577,26.0,,3.7360697,410.798,104.84861,303.00067,2.7003822,10,1.0,0.7856865,1.0392022,11.637647,83.594826,,19.855402,74.99452,902.04395,1.694903,2539.1545,0.81131476,1273.4896,1.2972822,1386.6903,1.169583,17.34407,0.87535554,27.150295,0.9833085,8.545558,145.42715,-16.238189
2021-02-15,-0.9698048716024203,114.97861740707324,114.00881253547081,86.7365787138578,26.37579174107143,0.3290246448328741,0.8513690697916667,562.4899991699999,120.5638450776485,87.9699361492731,16.903937151963447,149.65101939055603,435.890817017515,413.47620896004946,34.86509878307287,26.0,,3.7360697,410.816,104.84861,302.75546,2.389433,10,2.0,0.8342949,1.0960536,11.637647,83.594826,,19.855402,74.99452,525.8821,0.9389024,2771.01,0.8882021,1713.2065,1.2509114,1884.9131,1.1198908,18.938717,0.944125,27.216036,0.9947889,8.880654,145.42715,-16.238189
2021-03-15,-17.54861050920647,141.1776382317596,123.62902772255312,89.50893985490308,26.156716545698924,0.3158653342332235,0.8232135754032258,374.43995027999995,113.23565763979646,81.99639143816837,8.889151169583714,152.1393166854088,431.46270318102637,406.9936681937294,34.41542734060808,26.0,,3.7360697,410.972,104.84861,299.7656,-0.14081955,10,3.0,0.8312542,1.0807488,11.637647,83.594826,,19.855402,74.99452,353.16153,0.55120933,2772.6074,0.887337,1781.0875,1.0406563,2172.0808,0.9531027,18.035992,1.0086937,26.75642,1.0103505,10.605082,145.42715,-16.238189
2021-04-15,-13.743787545505603,135.0004517778683,121.25666423236271,81.59388472716219,25.193535472222226,0.317665037796174,0.8312993425694445,633.5299676899999,74.73073597130698,77.23717421549581,-0.32039409729645485,114.18773843627848,428.9488299827198,417.14573721635,32.45551170322061,26.0,,3.7360697,411.09,104.84861,298.70908,0.17405891,10,4.0,0.84460044,1.0763273,11.637647,83.594826,,19.855402,74.99452,769.846,1.9558011,3366.3972,1.0719398,1648.8896,1.0258007,2922.3792,1.1287341,15.759642,0.9570901,25.385023,1.0064981,8.320699,145.42715,-16.238189
2021-05-15,-53.536470195200096,162.64387735229468,109.1074071570946,77.30885995460159,23.168015260830387,0.2908485405338102,5.331250892230338,129.13999242,70.53422289545094,70.82027284371657,2.0499783787262804,121.78307643733197,409.5035951612904,402.3795363738941,27.35925896245796,26.0,,3.7360697,411.26,104.84861,296.10196,-0.5081482,10,5.0,0.8402382,1.0615785,11.637647,83.594826,,19.855402,74.99452,134.4173,0.7353543,3283.0217,1.0459701,1257.4248,1.0225902,2970.6313,1.1428962,14.529407,0.99511045,23.460114,0.9979434,8.988859,145.42715,-16.238189
2021-06-15,-21.375010416784065,122.09332213356299,100.71831171677894,60.632445085525646,22.381774382626983,0.26540470048743514,10.5789118826559,80.84000161,62.32756389522917,57.39497193744048,3.6934015320350806,108.5207546033493,405.66762729166663,405.98147282770145,24.613351072798686,26.0,,3.7360697,411.645,104.84861,296.53452,0.625927,10,6.0,0.8571268,1.0705665,11.637647,83.594826,,19.855402,74.99452,107.93661,1.1732897,3326.624,1.059189,1012.1999,1.5051044,2793.2874,1.1716735,13.907732,0.9921143,22.758595,1.0420687,8.413022,145.42715,-16.238189
2021-07-15,-28.05147744392177,134.35208654504692,106.30060910112513,62.105853831226796,22.527184038978493,0.2675074219523726,0.8059479985887097,38.89000100999999,64.89504796415756,56.89326574085202,8.219132165294209,115.02175925552285,403.2966656890791,403.2302687959592,27.551140574213946,26.0,,3.7360697,412.155,104.84861,295.74402,-0.30509758,10,7.0,0.8526087,1.0579692,11.637647,83.594826,,19.855402,74.99452,91.210976,1.165515,3369.1445,1.0715172,333.56488,0.94970596,1982.4545,1.0121554,13.954476,0.987963,22.899122,1.0847955,9.136095,145.42715,-16.238189
2021-08-15,-55.788951868685146,158.87948509282973,103.09053322414458,60.91626859531304,22.592755134408602,0.2270163505832027,0.7912737694892472,80.47999216,73.93501292350598,55.80352323232528,10.206049036157557,121.45965422432991,407.70952607526874,398.7373616300715,27.667611691686705,26.0,,3.7360697,412.679,104.84861,296.02966,-0.1785965,10,8.0,0.831795,1.0596607,11.637647,83.594826,,19.855402,74.99452,91.08007,1.4745715,3432.5654,1.0906472,290.22766,1.2376181,1547.6525,1.05703,15.797789,0.9328786,23.058266,1.0585703,9.972526,145.42715,-16.238189
2021-09-15,-80.96409590862963,163.52868593074044,82.5645900221108,64.46195395451633,23.089147180555553,0.24110738459825948,0.75289259,67.74999588,81.94123435857013,61.02000394398197,11.695050011461657,137.49125686699307,405.9126735416666,397.0976094808682,28.542851880268007,26.0,,3.7360697,413.057,104.84861,296.70154,-0.29885292,10,9.0,0.8351413,1.0990808,11.637647,83.594826,,19.855402,74.99452,61.555176,1.116394,3428.1267,1.0900562,243.84622,1.260583,1256.0461,1.4504825,18.657251,0.9247552,23.850397,1.009749,12.324638,145.42715,-16.238189
2021-10-15,-33.055679544313946,153.2073630921628,120.15168354784885,62.58960741262736,25.483832452956985,0.15543669982206315,0.7896398595430107,5.6399998700000005,119.4468338113508,57.3364175431685,46.153695989117324,201.05558177206993,407.0053662634409,402.95461819853,33.04854765289338,26.0,,3.7360697,413.218,104.84861,301.48767,1.3757191,10,10.0,0.79501396,1.0567425,11.637647,83.594826,,19.855402,74.99452,4.1428914,0.046301845,3412.722,1.0847756,156.77815,0.7621297,490.34302,0.880423,24.135704,1.0649468,26.961958,1.0578095,16.473116,145.42715,-16.238189
2021-11-15,-47.801819125591734,151.6362333921361,103.8344142665444,72.7106869543819,26.564431555555554,0.2439281938108915,0.789536564861111,154.20001001,115.97709246899653,68.82829533613867,24.18094049773432,175.96585514914165,428.51040895833336,404.8662139856014,35.287068962573464,26.0,,3.7360697,413.257,104.84861,300.35532,-0.6699562,10,11.0,0.7881687,1.0696621,11.637647,83.594826,,19.855402,74.99452,274.57803,1.5944468,3601.135,1.1437914,340.2761,1.0812682,630.5038,1.148028,20.82392,0.9558958,27.875278,1.0365028,15.23675,145.42715,-16.238189
2021-12-15,-20.07256959890535,132.05194207908355,111.9793724801782,91.91558842682555,26.278916086779578,0.2660031362357551,0.16169934393443755,0.05,125.9340618465671,84.20104829900656,21.85490294697214,188.10618755096792,427.7094008958773,413.0967540904638,34.90236447639193,26.0,,3.7360697,413.211,104.84861,302.07367,0.96987724,10,12.0,0.81287163,1.0972058,11.637647,83.594826,,19.855402,74.99452,300.8376,0.96568066,3616.6921,1.147005,579.5585,1.0066897,823.4047,1.0705436,22.404797,0.9931437,27.953798,1.0114765,13.91222,145.42715,-16.238189
2022-01-15,-13.697844020669507,125.24740323493278,111.54955921426327,99.85401072356466,27.030793139818016,0.31206527815335033,88.40513027868943,455.0,118.32033661428261,91.47319321659879,15.767093576348733,170.7614187298387,434.1375518760737,413.3292163214755,4.241744569144759,26.0,,3.7360697,413.096,104.84861,303.29547,2.408781,10,1.0,0.8051347,1.0649258,11.637647,83.594826,,19.855402,77.08966,561.87006,1.0557305,3276.5183,1.0469184,1137.2856,1.1585336,1294.0638,1.0914586,19.962141,1.0074897,27.736696,1.0045463,10.196386,145.42715,-16.238189
2022-02-15,-34.817915112108366,123.07656198585418,88.25864687374582,76.4810732671164,26.924302540159694,0.33815306201661055,85.64299067287436,193.2,100.16206248436603,77.56860175603371,7.487294983128645,140.37199516439418,433.87103874445546,417.4131111284273,5.218617808691485,26.0,,3.7360697,413.174,104.84861,302.05478,1.2529125,10,2.0,0.8058895,1.058736,11.637647,83.594826,,19.855402,77.08966,259.9408,0.4640946,3010.5771,0.9649914,1122.6484,0.8197107,1462.9244,0.86917305,20.737926,1.0338185,27.651873,1.0107194,11.032056,145.42715,-16.238189
2022-03-15,-23.27436397750513,119.45545446953217,96.18109049202705,101.32666106358917,27.086465636961037,0.2904214886947127,82.21833970199218,71.6,104.12627154962446,92.82224297551613,-1.0325280278971545,154.02242478000073,429.9154655356974,446.19277409390196,6.526904401983028,26.0,,3.7360697,413.39,104.84861,301.32715,0.77441216,10,3.0,0.8176733,1.0630918,11.637647,83.594826,,19.855402,77.08966,410.23132,0.640283,3067.647,0.9817606,1232.0422,0.71985936,1811.6006,0.79492503,19.290052,1.0788292,27.402742,1.0347562,10.662283,145.42715,-16.238189
2022-04-15,-27.409021119168294,125.63934302263664,98.23032190346834,98.47413240352104,26.38181215488319,0.26177430778023475,90.37766601566584,99.59999999999998,83.44908700482995,93.21610002518486,-10.001291429240315,126.96144132424352,431.3878109517113,408.58402600046975,3.384876327587082,26.0,,3.7360697,413.538,104.84861,296.90845,-2.2998772,10,4.0,0.8453581,1.0772928,11.637647,83.594826,,19.855402,77.08966,834.2523,2.119426,3132.0532,0.9973192,1504.4244,0.9359266,2641.71,1.020329,15.954178,0.9689043,26.05833,1.0331942,8.951904,145.42715,-16.238189
2022-05-15,-47.06812237950877,133.77883836543117,86.71071598592242,80.6348259740958,25.99164404997269,0.3017767823018774,89.75364150197193,63.599999999999994,73.67061234285768,73.86708819072635,2.1363063467804624,127.57976898254887,413.11034364697326,413.0367459654004,3.520190570768716,26.0,,3.7360697,413.771,104.84861,297.11084,-0.41779137,10,5.0,0.86837924,1.0971326,11.637647,83.594826,,19.855402,77.08966,235.3668,1.287617,3233.0024,1.030034,1479.8505,1.203476,2602.4988,1.0012639,14.693423,1.0063438,24.378637,1.0370154,8.029527,145.42715,-16.238189
2022-06-15,-38.37829594263182,133.26589685473672,94.8876009121049,70.99491163102195,23.48315029037211,0.23771544522848242,87.19063381440648,11.4,46.82834020281318,67.20413394208157,-15.586831193688623,83.03976758415943,411.91957532620387,404.5447498469249,3.774659391102332,26.0,,3.7360697,414.129,104.84861,294.62726,-1.3355141,10,6.0,0.8532323,1.0657023,11.637647,83.594826,,19.855402,77.08966,90.27382,0.98129207,3215.3398,1.0237564,1159.893,1.7247186,2391.935,1.0033221,13.546745,0.96636313,22.812778,1.0445497,8.1867285,145.42715,-16.238189
2022-07-15,-52.97092096421714,133.93030200132824,80.95938103711111,64.16661378296781,22.204820315365062,0.28352381495250484,86.71263112272571,94.40000000000002,60.90323918257859,58.78106465721692,1.67152755162035,114.32996632196961,389.14836769471003,415.20821717361326,3.617348491044236,26.0,,3.7360697,414.588,104.84861,294.04068,0.23653603,10,7.0,0.84940904,1.053999,11.637647,83.594826,,19.855402,77.08966,257.74664,3.2935462,3381.8755,1.0755662,583.38727,1.6609852,2087.8118,1.0659462,13.656786,0.9668868,20.65415,0.9784448,8.026247,145.42715,-16.238189
2022-08-15,-48.181004246214556,139.20200973265833,91.02100548644378,77.88753354780044,26.220583631354643,0.23628691203065375,74.60910225692955,0.8,78.47094893920685,71.35037795433215,6.251318320258915,134.09048067095165,401.3088082606824,413.1715435096767,8.845076263334148,26.0,,3.7360697,415.073,104.84861,296.5915,1.0256958,10,8.0,0.83865005,1.0683936,11.637647,83.594826,,19.855402,77.08966,132.2683,2.1414022,3423.0637,1.0876281,480.28876,2.048096,1960.1392,1.3387539,16.573315,0.9786744,22.415802,1.0290757,9.8912,145.42715,-16.238189
2022-09-15,-51.240743920489834,175.66756891310234,124.42682499261252,71.6036119457066,25.91187260696004,0.24843444718358193,85.05545621195368,30.399999999999995,103.16343642123417,67.78033266588956,22.525444576536675,169.7688663697765,409.5241212834032,410.2913483797996,5.1094848585111965,26.0,,3.7360697,415.326,104.84861,298.25803,-0.16560364,10,9.0,0.8246642,1.0852925,11.637647,83.594826,,19.855402,77.08966,47.21806,0.8563693,3408.7266,1.0838875,437.233,2.2603118,1597.126,1.8443617,19.668726,0.9748894,25.273636,1.0700045,12.396002,145.42715,-16.238189
2022-10-15,-81.71111508671643,210.09727603242698,128.38616094571051,104.96374429621076,28.357776836932032,0.23099778021008024,84.87056890926632,33.60000000000001,147.53434263617862,96.15406324864945,22.912313181111166,217.43064805970891,422.84787945449665,414.92795618646943,5.993307628803015,26.0,,3.7360697,415.406,104.84861,302.87137,2.452547,10,10.0,0.82179105,1.092335,11.637647,83.594826,,19.855402,77.08966,125.78213,1.405768,3530.3657,1.1221701,305.2685,1.4839708,888.65576,1.5956035,21.648254,0.95519227,27.268827,1.069849,14.821875,145.42715,-16.238189
2022-11-15,-90.52415957200618,236.66261099769878,146.13845142569255,96.13600180434801,26.724664659314588,0.2825430056987897,78.35008499263566,61.0,143.6364945814713,91.00281405368374,21.332033918913208,214.3642590288556,423.476103610689,414.2744542976874,7.775303275932167,26.0,,3.7360697,415.383,104.84861,300.36948,-0.7157936,10,11.0,0.8197159,1.1124763,11.637647,83.594826,,19.855402,77.08966,277.75064,1.6128697,3533.5386,1.1223214,450.75082,1.4323149,931.03955,1.6952467,21.665043,0.9945065,27.935276,1.0387337,14.584872,145.42715,-16.238189
2022-12-15,-62.402153373853054,200.66320132677828,138.26104795292522,112.4445886934819,27.271349361104903,0.33586208824795255,80.75297456951424,117.0,126.07789714350979,103.00703510242202,6.2521173938618535,183.9496724046852,429.3944247855906,416.7637395526655,7.143827354559341,26.0,,3.7360697,415.193,104.84861,302.79144,2.4464912,10,12.0,0.81389767,1.0985907,11.637647,83.594826,,19.855402,77.08966,405.8345,1.302718,3638.5354,1.1539323,809.3673,1.4058664,1246.6002,1.6207583,21.201996,0.9398268,27.194958,0.9840187,11.7455635,145.42715,-16.238189
