time,NEE_SOLO_EC,GPP_SOLO_EC,ER_SOLO_EC,ET_EC,Ta_EC,Sws_EC,RH_EC,Precip_EC,Fn_EC,Fe_EC,Fh_EC,Fsd_EC,Fld_EC,CO2_EC,VPD_EC,VegH_EC,aspect_RS,BS_RS,CO2_RS,elevation_RS,LST_RS,LST-Tair_RS,Landcover_RS,month_RS,NDVI_RS,NDVI_anom_RS,NPV_RS,PV_RS,VegH_RS,WCF_RS,rain_RS,rain_anom_RS,rain_cml12_RS,rain_cml12_anom_RS,rain_cml3_RS,rain_cml3_anom_RS,rain_cml6_RS,rain_cml6_anom_RS,srad_RS,srad_anom_RS,tavg_RS,tavg_anom_RS,vpd_RS,x_coord,y_coord
2014-01-15,41.146195201115496,124.61046791835952,165.75666311947504,75.06866365425958,23.467438306451612,0.09545453792625656,68.48799092687493,27.4,175.88698499175857,68.76809779797317,86.96090713422362,250.51537228878465,395.564035483871,397.01038758643926,9.276950197417783,24.0,111.03449,13.848691,393.791,21.494888,34.627777,10.644203,30,1.0,0.55418706,1.0681821,33.972004,51.545074,5.165458,26.349728,21.97997,0.26843715,647.7793,0.8230561,210.0074,0.869667,246.7074,0.63449866,25.72887,1.0709617,23.983574,1.0069909,17.707624,150.723611,-33.615278
2014-02-15,30.46542042775324,104.28718943559483,134.75260986334808,61.45233539337911,22.47010896577381,0.11814463259802788,72.74222476838598,56.199999999999996,153.6327924365729,62.32616159110243,62.141386098183204,210.44280356847543,396.83053400297615,400.52478075369004,7.544056480947076,24.0,111.03449,13.848691,393.825,21.494888,30.564178,7.2029896,30,2.0,0.55677557,1.0122617,33.972004,51.545074,5.165458,26.349728,76.78458,0.6279889,584.0801,0.7414374,133.10037,0.47306672,315.5041,0.68028426,21.346874,1.0049937,23.361189,0.9971866,12.890238,150.723611,-33.615278
2014-03-15,16.000617703059916,126.44839920144028,142.4490169045002,76.91520571613628,21.39285350134409,0.1359725881502163,77.36977864903294,118.8,128.09619607554504,70.4596582829719,35.39070405190944,179.82250623963776,389.535649327957,406.81291971605737,5.856466825589926,24.0,111.03449,13.848691,393.985,21.494888,25.399567,3.4766998,30,3.0,0.6775755,1.1416515,33.972004,51.545074,5.165458,26.349728,130.82779,1.6920389,638.19104,0.8060785,229.59235,0.81568605,425.92502,0.8542123,17.118134,0.9401358,21.922867,1.0269932,8.894045,150.723611,-33.615278
2014-04-15,-2.599659114529727,122.12753076979298,119.52787165526325,59.48885749297941,18.788632069444443,0.1362751484562645,73.15917769084207,54.4,93.62845236506182,56.31244627499008,22.29204016250906,149.29550737122915,366.8204708333334,415.48713555746735,5.8930683206976076,24.0,111.03449,13.848691,394.17,21.494888,20.483673,1.6815033,30,4.0,0.6968421,1.1672051,33.972004,51.545074,5.165458,26.349728,40.662605,0.58309513,621.49896,0.785562,248.27496,0.9218379,458.28238,0.8971746,13.825877,0.9720307,18.80217,1.03451,8.7844515,150.723611,-33.615278
2014-05-15,-28.22161649956356,119.64217447410921,91.42055797454566,39.307500853051835,16.107163746639785,0.0875332419419092,67.87149325195998,3.2,70.80910475194894,36.00839459865889,22.162716734328427,137.3801212241465,338.9081899193548,414.45033329940713,5.9370802795340065,24.0,111.03449,13.848691,394.363,21.494888,18.584198,2.8240118,30,5.0,0.68143576,1.1321074,33.972004,51.545074,5.165458,26.349728,3.3265166,0.069438435,593.14056,0.75224465,174.81691,0.89667434,307.91727,0.6464534,11.887629,1.0875252,15.760186,1.0623579,9.018803,150.723611,-33.615278
2014-06-15,-35.839828734413864,101.15117137846048,65.31134264404662,43.741522236472946,13.600533612500001,0.09788497977881995,69.33541745486748,26.800000000000004,48.84130779371528,41.40594095656251,6.769756016933376,109.53385581040973,328.28124881944444,370.41378149519574,4.809175170245802,24.0,111.03449,13.848691,394.76,21.494888,14.837769,1.9101,30,6.0,0.6649171,1.1294281,33.972004,51.545074,5.165458,26.349728,23.055193,0.48824844,525.3517,0.66478777,67.04431,0.4066693,296.63666,0.6646076,9.203325,0.9927747,12.927669,1.0837735,6.6304765,150.723611,-33.615278
2014-07-15,-47.819749644528514,96.35163316903063,48.53188352450212,33.35833503109892,12.084814469959676,0.08748578390091799,62.874369105197594,15.6,55.05115548528629,30.558546457700235,17.326625390463576,127.1715926887258,310.033320967742,408.61371297676135,5.26521943821461,24.0,111.03449,13.848691,395.296,21.494888,13.8125,2.4399729,30,7.0,0.5758253,1.0039736,33.972004,51.545074,5.165458,26.349728,12.697406,0.34806067,534.06146,0.6762367,39.079117,0.2969389,287.3541,0.7167142,10.688311,1.0578631,11.372527,1.0329481,7.871331,150.723611,-33.615278
2014-08-15,-33.545861597386114,94.79698280841609,61.25112121102998,48.24435186106542,12.784336378360214,0.13824361686621056,69.16419576879849,107.00000000000001,81.79689614259006,44.195169401997504,26.234625128826558,140.9885327963441,330.16297909946235,408.40881870996526,4.581623094156269,24.0,111.03449,13.848691,395.766,21.494888,15.832825,3.6313438,30,8.0,0.5489366,1.0323427,33.972004,51.545074,5.165458,26.349728,106.102745,2.238415,632.1763,0.8003795,141.85535,1.0820271,316.67224,0.9711999,12.454782,0.9426225,12.201481,0.98565763,6.744283,150.723611,-33.615278
2014-09-15,-36.75519075969375,123.12879940280801,86.37360864311427,56.86084429981858,16.201987782638888,0.12117238158447774,62.14203992630689,21.800000000000004,131.8098533474389,53.824756008501105,51.4856800799749,206.65495311168053,340.7102449305555,409.03599909220924,7.038994683892586,24.0,111.03449,13.848691,396.004,21.494888,20.761078,5.1506414,30,9.0,0.5973208,1.1498827,33.972004,51.545074,5.165458,26.349728,23.73952,0.5501529,635.509,0.80392146,142.53967,1.1220765,209.58397,0.71801394,17.631165,0.9945499,15.610436,1.0151553,11.36607,150.723611,-33.615278
2014-10-15,-9.36159398546543,132.46417428561318,123.10258030014775,58.50283588397809,19.6909041446914,0.11369952696552396,58.94138675236096,57.0,172.65620405139128,53.592651629677654,78.6888746581103,257.5007696875387,357.960004188729,408.2867664470081,9.546228451957832,24.0,111.03449,13.848691,396.004,21.494888,28.621765,9.243649,30,10.0,0.5948652,1.1515243,33.972004,51.545074,5.165458,26.349728,51.33343,0.959182,678.5372,0.86274934,181.1757,1.2575574,220.2548,0.79896224,23.011492,1.0639225,19.378117,1.0731952,15.772486,150.723611,-33.615278
2014-11-15,18.210758761710917,107.73064230563612,125.94140106734704,61.63979175280426,21.96773307361111,0.08501993265409734,62.35353516983406,49.8,196.35653233729167,58.34853126723786,99.13222493800761,278.9167824846528,379.5243560416666,398.9082492743839,10.098641763122336,24.0,111.03449,13.848691,395.964,21.494888,32.892975,10.38187,30,11.0,0.5407124,1.0408512,33.972004,51.545074,5.165458,26.349728,35.587563,0.44300285,560.43317,0.7144549,110.660515,0.6251961,252.51587,0.81958336,25.68648,1.0727373,22.511105,1.1045414,17.620878,150.723611,-33.615278
2014-12-15,34.79194625417168,115.59970072743774,150.39164698160943,96.43939231688327,22.39015611170901,0.20729275346048306,70.50949176313007,195.39999999999998,196.7099381746091,88.34516613974941,71.53452550476625,261.16620414776,394.9066146809311,408.9171505239002,8.121557012782505,24.0,111.03449,13.848691,395.892,21.494888,30.525665,7.181568,30,12.0,0.6127669,1.1811223,33.972004,51.545074,5.165458,26.349728,182.0583,2.4104502,708.15564,0.9047084,268.9793,1.284651,411.51898,1.2232615,23.71267,0.93512315,23.344097,1.0417875,13.755171,150.723611,-33.615278
2015-01-15,37.501478175379674,129.93603766567588,167.43751584105556,108.27342199119556,23.805113588709677,0.14731008586130304,70.65371566778673,157.2,199.28996683142003,99.18595736170755,72.64205874822883,265.23979218369624,402.6710750672043,403.24822468539617,8.8210502054902,24.0,111.03449,14.165887,395.925,21.494888,31.343323,7.016018,30,1.0,0.64661,1.2463251,30.903633,54.168255,5.165458,30.197348,131.31549,1.6037308,817.49115,1.0386888,348.96136,1.4450928,530.1371,1.3634422,22.758406,0.9473164,24.327305,1.021423,14.56639,150.723611,-33.615278
2015-02-15,19.356555088271794,125.94401175176165,145.30056684003347,92.19853365496631,22.652172671130952,0.1773416887340811,75.37578352192365,81.19999999999999,162.43477566140177,93.50955777770558,44.50587089036278,216.24917748806547,400.7994404017857,410.67459798379855,6.8926382149073335,24.0,111.03449,14.165887,396.069,21.494888,27.404236,4.0219326,30,2.0,0.66826886,1.2149652,30.903633,54.168255,5.165458,30.197348,54.49457,0.44568828,795.2011,1.0094366,367.86835,1.3074815,478.52887,1.0317954,20.584166,0.96908593,23.382303,0.9980879,11.047759,150.723611,-33.615278
2015-03-15,-5.02450012830521,145.57262298702062,140.54812285871537,72.81809314904208,21.36611509408602,0.09857354028499818,69.68540400699885,3.0000000000000004,137.05140832393883,66.70641926168221,47.29601123925937,199.89685884222513,382.8722143817204,410.08248596324654,7.831987565105886,24.0,111.03449,14.165887,396.189,21.494888,25.615204,3.839861,30,3.0,0.6611752,1.1140186,30.903633,54.168255,5.165458,30.197348,39.190712,0.5068664,703.564,0.888649,225.00076,0.79937327,493.98007,0.9906998,19.117147,1.0499225,21.775343,1.0200824,12.104333,150.723611,-33.615278
2015-04-15,-1.769892087898718,126.00428467818082,124.23439259028211,79.19806020484803,17.769572793476332,0.2629227816074167,76.89370885721685,288.19999999999993,94.30129044178555,74.96927489144102,14.333568629605189,139.89585906342205,371.763641696939,366.7573338545082,4.753217498203775,24.0,111.03449,14.165887,396.497,21.494888,20.669006,2.5712109,30,4.0,0.68283755,1.1437476,30.903633,54.168255,5.165458,30.197348,301.50626,4.32355,964.4077,1.2189916,395.19153,1.467335,744.1529,1.4568202,12.275458,0.8630282,18.097795,0.99575484,7.7023115,150.723611,-33.615278
2015-05-15,-26.166046189503824,118.02749394052479,91.86144775102096,50.47506901438339,15.116196760752688,0.23746849186620675,71.21218565011957,54.0,61.36138574910906,46.23866089220844,6.876749952618382,119.29697998984543,341.5229305107527,410.72248882194776,4.987373033165569,24.0,111.03449,14.165887,396.935,21.494888,16.588013,1.8273153,30,5.0,0.68884635,1.144419,30.903633,54.168255,5.165458,30.197348,45.834667,0.95676285,1006.91583,1.277011,386.53162,1.9826056,754.39996,1.5838163,10.538932,0.96414137,14.760697,0.9949846,6.939264,150.723611,-33.615278
2015-06-15,-36.434288924246914,100.71278486006592,64.27849593581901,35.2212680869533,12.021242088888888,0.20807154183120155,78.22351470802052,66.60000000000001,51.09188638755694,33.34062630329807,11.306482666948428,105.88200045019443,326.6342091666666,418.3293010539329,3.0753020616832427,24.0,111.03449,14.165887,397.253,21.494888,12.849365,0.9118748,30,6.0,0.6791164,1.1535472,30.903633,54.168255,5.165458,30.197348,56.578785,1.1981901,1040.4395,1.3165874,403.9197,2.4500473,628.9205,1.4090818,9.271434,1.0001217,11.93749,1.0007633,5.2031455,150.723611,-33.615278
2015-07-15,-41.66056571010158,98.37849218605737,56.71792647595579,44.26262885949527,10.777282325127688,0.24295761750547107,70.39141854925333,27.4,58.00372428457863,40.5476352186595,11.009674136071183,121.52028887803966,312.6925774193548,405.7543937990643,3.846762642202119,24.0,111.03449,14.165887,397.739,21.494888,12.261322,1.8858023,30,7.0,0.6472093,1.1284344,30.903633,54.168255,5.165458,30.197348,26.54334,0.72760475,1054.2854,1.3349521,128.95679,0.9798657,524.1483,1.3073227,10.146277,1.0042161,10.37552,0.94239163,5.7885885,150.723611,-33.615278
2015-08-15,-51.921719552390975,119.85937132958072,67.93765177718976,50.26401927781396,13.100770562096772,0.13657928149304976,63.98118331478526,28.4,86.06658482896506,46.04532470879791,25.26867487121834,159.15678133087903,318.8606180107527,405.2312951069496,5.465229029303539,24.0,111.03449,14.165887,398.333,21.494888,16.172913,3.8696642,30,8.0,0.60606235,1.1397747,30.903633,54.168255,5.165458,30.197348,30.429281,0.6419566,978.6119,1.2389913,113.55141,0.86613375,500.08304,1.5337013,13.341634,1.0097426,12.303248,0.9938786,8.181209,150.723611,-33.615278
2015-09-15,-40.48949661297624,125.3213197205703,84.83182310759406,61.69676764375056,15.360764559722222,0.10156771029691766,64.55180879297325,17.0,131.76239107640276,58.40246492697005,52.01589915094336,202.8977816190278,339.81425243055554,403.810414229473,6.240080626925149,24.0,111.03449,14.165887,398.528,21.494888,20.06134,5.1645327,30,9.0,0.62441766,1.2020459,30.903633,54.168255,5.165458,30.197348,14.94013,0.34623095,969.8125,1.2268168,71.91275,0.5660993,475.83246,1.630155,17.430817,0.98324853,14.896808,0.9687477,10.243398,150.723611,-33.615278
2015-10-15,-8.429302515509214,141.44999995289032,133.0206974373811,58.620839202631174,20.51640447580645,0.0940824504883684,64.946231604119,36.4,141.34561850904097,53.70075084661584,56.262252224362555,209.6905699055383,372.0647065188172,407.19881145999864,8.586042109723063,24.0,111.03449,14.165887,398.573,21.494888,29.318665,8.85993,30,10.0,0.6117483,1.1842061,30.903633,54.168255,5.165458,30.197348,30.417263,0.5683565,948.8963,1.2065067,75.786674,0.52604234,204.74345,0.7426956,21.858744,1.0106258,20.458735,1.1330419,14.107967,150.723611,-33.615278
2015-11-15,26.109678334578998,130.25715354356612,156.36683187814515,86.18385558916209,21.528190735927083,0.21888777069754942,69.52850485890998,184.0,173.61477871104447,81.5820632999877,56.628662931923806,235.58498992554425,387.06848849105063,405.3810239439584,7.952739253025387,24.0,111.03449,14.165887,398.7,21.494888,29.640839,7.7578316,30,11.0,0.6372509,1.2266842,30.903633,54.168255,5.165458,30.197348,118.10587,1.4702114,1031.4146,1.3148743,163.46326,0.92351454,277.01468,0.89909846,23.553587,0.9836619,21.883007,1.0737228,13.886315,150.723611,-33.615278
2015-12-15,-0.10970548173309247,161.6719721474092,161.56226666567608,82.15342725254251,22.39250335349462,0.1311675314446736,65.5720456546908,34.2,187.07316464165996,75.25823219341335,79.13908274266925,260.59611713649196,384.96657405913976,406.1222420457354,9.482691332826773,24.0,111.03449,14.165887,398.733,21.494888,30.333252,7.4976444,30,12.0,0.611372,1.1784335,30.903633,54.168255,5.165458,30.197348,88.50993,1.1718707,937.8663,1.1981766,237.03307,1.1320751,308.9458,0.91835743,26.239407,1.0347666,22.835608,1.019095,16.061117,150.723611,-33.615278
2016-01-15,11.290839938898742,177.93488260508497,189.2257225439837,110.7190305528355,22.823112983870967,0.23676693842941357,73.79025935757925,313.0,177.92604446035483,101.42630427286335,46.892654935084465,235.06426588095295,399.2303770833333,398.8974087297291,7.414620576719962,24.0,111.03449,12.862575,398.848,21.494888,29.163513,5.550209,30,1.0,0.6600986,1.2723241,35.571354,51.239998,5.165458,29.187399,279.62854,3.4150496,1086.1793,1.3800788,486.24435,2.013599,562.031,1.4454691,22.22809,0.92524207,23.613304,0.99144447,12.047318,150.723611,-33.615278
2016-02-15,-25.737303290114316,212.2604610802192,186.5231577901049,93.48783740460038,23.983352579998535,0.13117858228079227,68.69184907444021,12.6,189.82722545332166,91.54763643675268,70.19528718248617,263.0552114995099,394.0179694642765,410.30723262357435,9.514521591571961,24.0,111.03449,12.862575,399.135,21.494888,28.807648,4.516529,30,2.0,0.6783907,1.2333676,35.571354,51.239998,5.165458,29.187399,10.5312805,0.08613093,1042.2161,1.323,378.66977,1.345872,542.13306,1.1689376,23.661133,1.1139472,24.291119,1.0368812,14.304429,150.723611,-33.615278
2016-03-15,-23.97860779844453,190.09150638585828,166.11289858741372,71.61102434042701,22.69338358870968,0.0918553827752865,70.53814042291366,11.0,146.0649009496102,65.60066058903514,55.1276688706823,210.22562821651206,389.9140610887097,404.78133074134234,8.267866364191857,24.0,111.03449,12.862575,399.386,21.494888,26.91687,3.6488113,30,3.0,0.63752145,1.0741642,35.571354,51.239998,5.165458,29.187399,19.705576,0.2548587,1022.73096,1.2917784,309.8654,1.1008767,546.89844,1.09683,19.228914,1.0560608,23.268059,1.0900097,12.550725,150.723611,-33.615278
2016-04-15,-4.807398418263854,135.4490129820445,130.64161456378062,51.52745695157918,19.834879046527778,0.09829429731694575,73.29468740834768,33.0,96.37271166657014,48.7761452069424,28.021878394805803,153.3216093377361,372.8091961805555,406.9106300063533,6.265870450156171,24.0,111.03449,12.862575,399.734,21.494888,23.163818,3.1051311,30,4.0,0.6176385,1.0345397,35.571354,51.239998,5.165458,29.187399,8.706085,0.124843836,729.93066,0.92261744,38.94294,0.14459403,525.18726,1.0281535,14.857452,1.0445558,20.058687,1.1036446,10.990614,150.723611,-33.615278
2016-05-15,-28.75792381426215,117.455253232132,88.69732941786984,40.141737481920714,16.403674199462365,0.09254285676741536,60.295008533371295,5.6000000000000005,58.0050429824664,36.7726131592147,13.095902551604084,132.69927409316531,331.26776713709677,401.39361824964567,7.479523181698052,24.0,111.03449,12.862575,400.24,21.494888,19.856506,3.9037714,30,5.0,0.6090304,1.0118163,35.571354,51.239998,5.165458,29.187399,8.195925,0.17108352,692.292,0.8779925,36.607586,0.18776836,415.27734,0.87184924,12.1902,1.1152056,15.952735,1.0753372,10.746288,150.723611,-33.615278
2016-06-15,-16.659292765148308,83.88329716259017,67.22400439744186,39.08451800417902,13.442825587847222,0.2012261976752655,68.69785937104487,213.6,42.1861407632984,36.997597752721305,0.10151767469528813,100.52235233385417,329.4113263888889,400.5119721774987,4.858286974997124,24.0,111.03449,12.862575,400.786,21.494888,14.060333,1.1607437,30,6.0,0.5835855,0.9912783,35.571354,51.239998,5.165458,29.187399,190.81163,4.0408893,826.5248,1.0458966,207.71364,1.2599243,517.57904,1.159624,8.817436,0.9511484,12.89959,1.0814196,6.068065,150.723611,-33.615278
2016-07-15,-39.839500783016675,96.32680133814134,56.48730055512466,46.996122121793306,12.983699297167474,0.195469510089003,67.40048377920046,64.4,58.2651358280707,43.0517044646177,7.987767553965907,121.55657564859877,323.84094347001286,396.40152440501475,4.908176917828455,24.0,111.03449,12.862575,401.305,21.494888,13.132446,0.86398983,30,7.0,0.5960531,1.0392417,35.571354,51.239998,5.165458,29.187399,54.049545,1.4816035,854.031,1.0813869,253.0571,1.9228299,292.00006,0.72830206,9.817757,0.9717011,12.268456,1.114324,6.426317,150.723611,-33.615278
2016-08-15,-52.98504210907254,107.70081021367136,54.71576810459882,52.028094252794816,12.976699147815491,0.17039630357644894,67.86547435645349,57.400000000000006,80.51163689400934,47.66133962763491,21.25896465774665,145.08680472558427,325.4093517077358,397.3186281196025,4.835922827729037,24.0,111.03449,12.862575,401.613,21.494888,16.696838,4.269408,30,8.0,0.6014931,1.1311816,35.571354,51.239998,5.165458,29.187399,56.46598,1.1912444,880.0678,1.1142277,301.32715,2.2984269,337.93472,1.0364097,12.89319,0.97580284,12.42743,1.0039102,7.120656,150.723611,-33.615278
2016-09-15,-56.35883010238621,138.24811441489038,81.88928431250417,63.72074956827317,16.003642949305554,0.1456639724681126,64.71828529197549,49.2,121.12048561573332,60.31837621169562,34.58171731276558,191.3335872179639,341.4191404166667,405.38550041745896,6.476107367785271,24.0,111.03449,12.862575,401.768,21.494888,20.343658,4.7084274,30,9.0,0.633049,1.2186618,35.571354,51.239998,5.165458,29.187399,54.25057,1.257233,919.3782,1.1630172,164.7661,1.2970436,372.47974,1.2760787,16.65515,0.9394942,15.635231,1.0167677,9.261498,150.723611,-33.615278
2016-10-15,-47.3261492579851,152.0618693083937,104.73572005040862,67.23259779997721,18.605629534274193,0.09449688221698765,50.75363942359202,13.799999999999999,159.17986230881385,61.58971847447137,72.42522689772464,247.37784649432774,346.55810409946235,401.9580186838842,10.686964598832228,24.0,111.03449,12.862575,401.798,21.494888,24.525513,6.57605,30,10.0,0.5900928,1.1422861,35.571354,51.239998,5.165458,29.187399,17.233732,0.32201794,906.19464,1.1522121,127.95029,0.8881148,381.0074,1.3820834,22.302023,1.0311207,17.949463,0.9940738,13.932656,150.723611,-33.615278
2016-11-15,-19.947632668590366,144.6732450940446,124.72561242545424,66.76037183767917,21.705553134027777,0.09784689133056233,57.7466103757632,33.199999999999996,210.8863869796076,63.19569766239569,104.85271772042235,297.98774444344446,372.0966772222222,406.7516736537024,11.150568825943596,24.0,111.03449,12.862575,401.532,21.494888,31.459778,9.690504,30,11.0,0.5530377,1.0645769,35.571354,51.239998,5.165458,29.187399,29.650679,0.36909905,817.7395,1.0424757,101.13498,0.5713799,402.46213,1.3062595,25.909985,1.0820714,21.769274,1.0681423,17.687012,150.723611,-33.615278
2016-12-15,12.995917728209221,138.5814323711565,151.5773500993657,74.72088681786929,24.41857309711451,0.11952906249500392,62.7271259571356,86.0,198.40083677649798,68.44951011660845,89.52116383083356,267.3813809762287,402.3814683274102,408.6500848204496,11.633947048670164,24.0,111.03449,12.862575,401.333,21.494888,34.370056,9.588688,30,12.0,0.541014,1.042817,35.571354,51.239998,5.165458,29.187399,78.39971,1.0380114,807.6293,1.0317916,125.28412,0.59835964,290.05023,0.86218935,26.213509,1.0337453,24.781368,1.1059293,19.050795,150.723611,-33.615278
2017-01-15,19.12021172522038,129.90698609148262,149.02719781670302,74.5990660608903,25.964005954301076,0.09620070247647848,65.3039744921214,26.400000000000002,181.2407901804906,68.33791386163398,83.396831849573,241.3753697870968,417.98179133064525,406.0116802645147,11.900032625117179,24.0,111.03449,13.732212,401.311,21.494888,36.202087,9.470346,30,1.0,0.57485515,1.1080194,32.76949,52.48382,5.165458,27.727325,33.202168,0.40549168,561.2029,0.7130537,141.25256,0.58494455,269.20285,0.69235396,24.688465,1.027655,26.73174,1.1223773,20.638767,150.723611,-33.615278
2017-02-15,40.91290764655544,96.12326315908297,137.0361708056384,70.19901031797482,24.895957522321428,0.11858427436383928,66.82760224117112,108.4,172.28681628787945,71.19721053082964,71.23363435741554,234.27374135911455,407.98266733630953,410.6884547131095,10.661074717674637,24.0,111.03449,13.732212,401.306,21.494888,33.006653,7.3127537,30,2.0,0.5781865,1.0511885,32.76949,52.48382,5.165458,27.727325,76.59288,0.6264211,627.26447,0.79625607,188.19476,0.6688838,289.32974,0.6238476,22.019815,1.0366752,25.6939,1.0967597,17.216784,150.723611,-33.615278
2017-03-15,54.469317730676856,101.94821424526862,156.41753197594548,93.37208031930614,21.995754059139784,0.2863460099905316,78.81562245665178,357.0,115.03046989714717,85.5352958002724,23.477407275981953,154.72772384730175,402.15375282258066,410.84846797325054,5.69262932447836,24.0,111.03449,13.732212,401.409,21.494888,25.680481,3.0445042,30,3.0,0.6567094,1.1064941,32.76949,52.48382,5.165458,27.727325,267.86978,3.4644482,875.4287,1.1057258,377.66483,1.3417517,502.94894,1.0086873,15.112563,0.8299889,22.635977,1.0603993,7.6355734,150.723611,-33.615278
2017-04-15,-17.594225301117824,131.4129209405283,113.81869563941045,70.15965539008485,17.839911745833334,0.23155075118750001,71.1640712624889,26.599999999999998,106.39038760794097,66.41347625968835,28.612172515508234,173.6799586620139,352.784713125,413.84530659633793,5.9586833595355815,24.0,111.03449,13.732212,401.664,21.494888,21.45288,3.6322117,30,4.0,0.71273,1.1938171,32.76949,52.48382,5.165458,27.727325,28.661522,0.41100153,895.38416,1.1317472,373.12418,1.3853995,514.3767,1.0069898,14.680186,1.032093,17.82067,0.98050714,9.189202,150.723611,-33.615278
2017-05-15,-19.05641199088766,106.45363841228355,87.39722642139589,44.220881791265256,14.929735141801077,0.10716272978830646,74.32330666391744,19.2,69.50890701227956,40.50939201129347,20.555664578616295,131.32301057151884,337.6751406586022,416.6203403867452,4.394490822565066,24.0,111.03449,13.732212,401.903,21.494888,17.215454,2.3688917,30,5.0,0.70879686,1.1775639,32.76949,52.48382,5.165458,27.727325,13.5759,0.2833863,900.76416,1.1423852,310.1072,1.590608,498.30197,1.0461544,11.505393,1.0525569,14.846562,1.0007726,7.3010764,150.723611,-33.615278
2017-06-15,-28.578454446791977,100.47422012724402,71.89576568045204,41.76102979758113,12.7456308125,0.19923876962152778,77.80397581146855,118.80000000000001,45.72331006954167,39.53119703369794,7.13377262349671,99.09333401055555,330.99767979166666,413.9327336539938,3.2894476131594104,24.0,111.03449,13.732212,402.207,21.494888,14.629547,2.3106375,30,6.0,0.69929767,1.187827,32.76949,52.48382,5.165458,27.727325,75.78057,1.6048335,785.7331,0.9942782,118.01799,0.7158593,495.68283,1.110566,9.17015,0.98919606,12.31891,1.032739,4.8210983,150.723611,-33.615278
2017-07-15,-46.04660367980179,100.38674859579943,54.340144915997634,39.90286752178375,11.864688661478496,0.1220600235517473,61.89875144420572,6.8,57.18273534266129,36.55379172321109,12.820717151849397,133.09365050946235,305.26780141129035,404.9601515100067,5.324735086319958,24.0,111.03449,13.732212,402.837,21.494888,13.464142,2.3678074,30,7.0,0.65789527,1.1470658,32.76949,52.48382,5.165458,27.727325,0.61823386,0.016946996,732.30176,0.9272515,89.9747,0.6836641,463.09888,1.1550541,11.293108,1.1177223,11.096334,1.0078621,7.998906,150.723611,-33.615278
2017-08-15,-52.16412788749898,117.41229970520682,65.24817181770783,50.526402663803594,13.195478921807997,0.10688626524686744,55.5538980002943,13.200000000000001,90.90382986135931,46.285686072247806,31.703519720773354,176.32276781997373,308.9640383262632,404.03111959808615,6.786357702657409,24.0,111.03449,13.732212,403.399,21.494888,16.542267,4.19821,30,8.0,0.6208187,1.1675258,32.76949,52.48382,5.165458,27.727325,17.816689,0.37587288,693.65247,0.8782127,94.21549,0.7186456,404.3227,1.2400146,13.671096,1.0346775,12.344057,0.9971752,10.129096,150.723611,-33.615278
2017-09-15,-34.61558669606516,118.86204451884873,84.24645782278357,48.418652760005585,17.105153868392215,0.08682683682014644,44.652047436464336,0.2,133.32142162610165,45.833335807079365,59.32994480607892,231.9435037321161,324.7359941892681,401.7098333321054,10.90958616788607,24.0,111.03449,13.732212,403.611,21.494888,23.03418,6.774784,30,9.0,0.5694956,1.0963173,32.76949,52.48382,5.165458,27.727325,1.6627108,0.038532592,641.06464,0.8109494,20.097633,0.15820916,138.11562,0.47317043,19.604649,1.1058714,16.259396,1.0573575,17.517591,150.723611,-33.615278
2017-10-15,-11.098155731040592,120.66032803839231,109.56217230735172,56.51939405085933,19.658772452284943,0.10552374273857527,65.30504208318635,55.599999999999994,154.09539492346977,51.77568146773762,69.71254051899167,223.45484533405576,370.06591229838705,405.2606274967892,8.050270114656755,24.0,111.03449,13.732212,403.737,21.494888,28.167511,8.359062,30,10.0,0.5475988,1.0600272,32.76949,52.48382,5.165458,27.727325,52.120087,0.97388095,675.9509,0.85946095,71.59949,0.49697867,161.57419,0.58610153,21.702854,1.0034184,19.808449,1.0970278,13.496811,150.723611,-33.615278
2017-11-15,-12.41155198040794,129.70921360425922,117.29766162385127,59.20805353642396,20.110304604166668,0.10197212472222221,65.93555740529098,29.4,183.1559899304514,56.04663586302848,88.97062590409966,254.938654852875,374.5203087500001,405.52529326417334,8.13284425511671,24.0,111.03449,13.732212,403.847,21.494888,29.2872,8.971249,30,11.0,0.6052644,1.1651114,32.76949,52.48382,5.165458,27.727325,28.223158,0.3513289,674.52344,0.8599002,82.00596,0.46330714,176.22145,0.5719568,24.12244,1.0074188,20.315952,0.9968329,13.218759,150.723611,-33.615278
2017-12-15,34.502228233093675,116.05549719466205,150.5577254277557,73.68648869906457,24.50503176075269,0.1051779310517473,64.27599382732602,59.0,192.2292439585578,67.50192976106064,82.53754296096035,256.69197306803363,407.3373725134409,405.61987774912285,11.209742515594007,24.0,111.03449,13.732212,403.856,21.494888,34.18802,9.067076,30,12.0,0.5688372,1.0964469,32.76949,52.48382,5.165458,27.727325,49.391678,0.6539453,645.5153,0.8246819,129.73492,0.6196168,149.83255,0.44538504,25.846527,1.0192732,25.120943,1.1210836,20.511929,150.723611,-33.615278
2018-01-15,29.485599445813698,123.17462046187987,152.66021990769354,62.88881142567312,24.981902177419354,0.09623132980174731,60.761130392867415,33.2,192.2724254607258,57.610509152490884,96.27407920947849,272.4213171000739,397.7297594758065,400.6042566027975,12.677128381858811,24.0,111.03449,15.543009,403.9,21.494888,36.679535,10.938545,30,1.0,0.5350491,1.0312941,37.874744,46.283337,5.165458,23.769861,30.890358,0.377258,643.20355,0.8172422,108.505196,0.4493336,180.10468,0.4632053,27.409264,1.1409079,25.74099,1.080779,21.261278,150.723611,-33.615278
2018-02-15,21.10830580515497,94.96979280200152,116.07809860715649,50.79417369121108,23.485494791666667,0.10040452779017855,63.07723616261174,109.4,169.74703395712316,51.51644534092076,82.18566314772707,243.83626914010668,391.9338655505952,403.98621029428335,10.8819605276047,24.0,111.03449,15.543009,403.956,21.494888,33.226074,8.91061,30,2.0,0.5046047,0.91741097,37.874744,46.283337,5.165458,23.769861,73.788826,0.6034879,640.39954,0.81292987,154.07086,0.54760027,236.07681,0.50902456,23.52365,1.1074744,24.315464,1.0379204,17.94295,150.723611,-33.615278
2018-03-15,29.06802933311149,99.22345334477279,128.2914826778843,66.6732953803533,22.207552778897853,0.12366972342741936,70.03169652850015,75.4,140.14427730692336,61.07735870117787,51.8681462174228,200.81940489465188,390.3941402553763,409.41880120362623,8.159947456071574,24.0,111.03449,15.543009,404.032,21.494888,28.884552,6.096962,30,3.0,0.6141232,1.0347403,37.874744,46.283337,5.165458,23.769861,62.30324,0.80578834,434.83295,0.5492234,166.98242,0.5932481,296.71735,0.5950803,18.697115,1.0268542,22.78759,1.0675018,13.0648985,150.723611,-33.615278
2018-04-15,-4.013021961277181,102.71132703314873,98.69830507187156,42.70342757376332,21.32391882638889,0.09132815048263888,64.63384490397351,19.6,103.31122070713542,40.42327542244818,43.68808397103102,169.13245856166668,375.7637863888889,406.5682006348725,9.112992171811767,24.0,111.03449,15.543009,404.286,21.494888,26.57962,5.376751,30,4.0,0.6356576,1.0647216,37.874744,46.283337,5.165458,23.769861,16.498549,0.2365865,422.66998,0.5342462,152.59062,0.5665647,261.0958,0.51114446,15.529367,1.0917948,21.20287,1.1665984,14.822105,150.723611,-33.615278
2018-05-15,-21.38573065110373,76.82482055038314,55.43908989927941,30.810711252420425,15.184506791855721,0.09211598386419563,61.79938518802084,6.000000000000001,65.74958291256317,28.22474653858227,30.127910183505,140.6872296086141,327.20469453996,406.7118795110566,6.647695777697335,24.0,111.03449,15.543009,404.532,21.494888,18.272491,3.2740526,30,5.0,0.60382867,1.0031743,37.874744,46.283337,5.165458,23.769861,4.9673023,0.10368855,414.0614,0.5251293,83.76909,0.42967007,237.83995,0.49933034,12.282909,1.123687,14.998439,1.0110102,10.200089,150.723611,-33.615278
2018-06-15,-26.903887866792708,61.301792840174606,34.3979049733819,30.22672988200504,12.535953748611112,0.10728722795486109,69.08056501724288,49.6,42.58465665751112,28.612771774107856,11.176555033469358,99.70207749495833,326.0616182638889,406.8338756975764,4.518838770225104,24.0,111.03449,15.543009,404.807,21.494888,13.255981,1.2794447,30,6.0,0.592866,1.0070422,37.874744,46.283337,5.165458,23.769861,36.159092,0.76575464,374.4399,0.47382176,57.624943,0.34953442,224.60736,0.50322765,9.214417,0.9939713,11.976537,1.0040367,5.769971,150.723611,-33.615278
2018-07-15,-36.93418770439513,72.98800213360494,36.05381442920982,28.319965078099052,12.629643491393816,0.09667136973790323,53.70409346176553,8.0,54.075307199286286,25.9430504463948,22.50798266649235,134.41981834514786,305.47958813961924,403.72723461852786,6.808374141188529,24.0,111.03449,15.543009,405.308,21.494888,13.712067,2.0329933,30,7.0,0.55096054,0.960621,37.874744,46.283337,5.165458,23.769861,3.660883,0.100351945,377.48257,0.47797412,44.787277,0.3403118,197.3779,0.49229693,11.421888,1.1304681,11.679073,1.0607913,9.535082,150.723611,-33.615278
2018-08-15,-35.35433852705303,76.92032932987011,41.565990802817076,28.224657521855523,13.405982118281113,0.08835417859746932,50.31179280873049,3.8,75.5756115605075,25.855742120528937,39.49860205007725,155.9749718942774,313.13466932896415,397.22238892366715,7.693159740868277,24.0,111.03449,15.543009,405.782,21.494888,18.47461,6.2185116,30,8.0,0.4956581,0.9321459,37.874744,46.283337,5.165458,23.769861,5.606404,0.11827648,365.2723,0.46246037,45.42638,0.34649786,129.19547,0.3962287,13.636655,1.0320709,12.256098,0.9900697,10.434729,150.723611,-33.615278
2018-09-15,-18.998219328859022,84.6112090955396,65.61298976668058,34.14578422178223,15.839995582038737,0.10587877701267663,58.335108113664695,21.599999999999998,125.45705563772333,32.32256796549571,66.89091351742904,201.31757575858893,337.47710921570024,398.92124153190315,7.566891194353076,24.0,111.03449,15.543009,405.993,21.494888,24.27005,9.056142,30,9.0,0.48587295,0.935338,37.874744,46.283337,5.165458,23.769861,31.060091,0.7198039,394.66968,0.49925876,40.327377,0.3174583,97.952324,0.33557495,17.684006,0.9975306,15.213908,0.98936886,12.271518,150.723611,-33.615278
2018-10-15,22.38167645198068,81.73871275972371,104.1203892117044,57.13490823680311,18.22511609579626,0.158775454168783,71.12691679505204,184.60000000000002,131.5020716379042,52.339535114180144,49.68210507868844,184.98940136788465,373.0797458292958,401.5102713377171,6.115339456667101,24.0,111.03449,15.543009,406.039,21.494888,25.368164,6.8334293,30,10.0,0.57496625,1.1130044,37.874744,46.283337,5.165458,23.769861,118.6088,2.2162445,461.1584,0.5863556,155.2753,1.0777802,200.06258,0.72571605,19.894686,0.9198188,18.534735,1.0264872,9.611339,150.723611,-33.615278
2018-11-15,8.887243266195469,114.37268253524576,123.25992580144123,73.85803270710414,20.857252438157627,0.11527814217267193,61.85187826775435,67.2,172.6874670165859,69.9143784915705,80.75721595238457,247.75423063652758,374.6848281681297,398.28284699212276,9.546376990320129,24.0,111.03449,15.543009,405.967,21.494888,30.973206,9.986254,30,11.0,0.5857176,1.1274846,37.874744,46.283337,5.165458,23.769861,111.15581,1.3836952,544.09106,0.6936215,260.8247,1.4735752,306.2511,0.99399024,24.252525,1.0128515,20.986952,1.0297565,14.761876,150.723611,-33.615278
2018-12-15,41.74731494046405,117.54100132489607,159.28831626536015,96.00790144494873,23.608740840053766,0.16057821637432793,65.88887127480241,103.6,200.23499422368818,87.94989060085358,75.23452426610471,276.5034237602419,392.6168052419355,414.58883092149966,10.130007256431808,24.0,111.03449,15.543009,405.893,21.494888,33.021393,8.964249,30,12.0,0.59518886,1.1472402,37.874744,46.283337,5.165458,23.769861,100.95352,1.3366237,595.65283,0.7609798,330.71814,1.579517,371.0455,1.102952,26.295586,1.036982,24.057144,1.073609,17.093262,150.723611,-33.615278
2019-01-15,56.57257083759953,125.14517039861317,181.7177412362127,93.37194025155028,26.30953612903226,0.13699528958669355,71.58214397849463,116.8,196.36118456861428,85.53516748850201,72.54059670813793,256.7017984243804,421.9035701612903,423.7720159212429,9.953000974915298,24.0,111.03449,14.180804,405.872,21.494888,33.11029,5.7081203,30,1.0,0.6384361,1.2305701,35.393837,49.58737,5.165458,26.18244,95.86068,1.170728,660.6232,0.8393753,307.97,1.2753423,463.2453,1.1914054,24.299156,1.01145,27.40217,1.1505264,17.622513,150.723611,-33.615278
2019-02-15,-17.78678718935279,161.52082844512006,143.73404125576724,74.17173327372147,23.47667547619048,0.10450730218377975,65.95927729910714,33.2,173.94219903884823,75.22642392543113,72.07127591223018,242.6987485817857,395.07147261904765,415.47236888628476,10.027101594539289,24.0,111.03449,14.180804,405.812,21.494888,32.090607,8.067934,30,2.0,0.62145394,1.129852,35.393837,49.58737,5.165458,26.18244,25.465052,0.20826799,612.2994,0.77725923,222.27927,0.79002726,483.10397,1.0416601,22.735556,1.0703716,24.022673,1.0254225,15.602238,150.723611,-33.615278
2019-03-15,18.661955620805756,132.5200238593541,151.18197948015987,67.4185908001252,22.165619750350213,0.14869169491840753,71.17726966946259,139.60000000000002,129.91376501724724,61.76010095101075,42.38434783772732,184.45168752007623,393.7225552658188,419.35272123844857,7.82756917770783,24.0,111.03449,14.180804,405.948,21.494888,26.036743,3.272747,30,3.0,0.5946421,1.0019165,35.393837,49.58737,5.165458,26.18244,129.79303,1.678656,679.7892,0.85861975,251.11876,0.8921642,581.8369,1.1669008,17.659378,0.96986115,22.763996,1.0663965,11.707653,150.723611,-33.615278
2019-04-15,-37.52183449945313,158.21697900134168,120.69514450188856,52.230834964164146,19.185589509722224,0.11877253711458333,72.16623720833333,15.0,108.85856851069721,49.44196630712698,42.66494758537151,173.47739041267363,363.6590350694444,417.5806467131733,6.267341756012582,24.0,111.03449,14.180804,406.352,21.494888,22.480072,3.2620602,30,4.0,0.6878298,1.1521095,35.393837,49.58737,5.165458,26.18244,12.417536,0.17806543,675.7082,0.85408133,167.67563,0.62257487,475.64563,0.9311664,15.364042,1.0801717,19.218012,1.05739,10.008335,150.723611,-33.615278
2019-05-15,-29.22088911295749,117.35567143944398,88.13478232648649,39.04879547258213,15.57152022715054,0.09669148052755376,65.78075649193549,16.2,64.39214351046505,35.77140254313303,21.845515274273765,136.8393394445571,330.3572730510753,415.33630992733,6.1070512018672884,24.0,111.03449,14.180804,406.862,21.494888,18.195557,2.7970505,30,5.0,0.6753931,1.1220683,35.393837,49.58737,5.165458,26.18244,11.469804,0.23942319,682.2107,0.865207,153.68037,0.7882604,375.95966,0.78930414,12.028266,1.1003913,15.398506,1.0379778,8.720901,150.723611,-33.615278
2019-06-15,-26.387868462712447,90.46494037260885,64.0770719098964,36.253735467797426,12.749665406994561,0.10951548307118715,72.81821575806245,50.0,43.97638139371889,34.31796502460948,10.981835180081745,98.97034676933622,328.9470172503322,416.30211147419936,4.029416127496482,24.0,111.03449,14.180804,407.409,21.494888,13.841187,1.5592918,30,6.0,0.64006996,1.0872228,35.393837,49.58737,5.165458,26.18244,40.052826,0.8482137,686.1045,0.86820674,63.940166,0.38784054,315.05893,0.7058823,9.240816,0.9968189,12.281895,1.0296359,5.5359178,150.723611,-33.615278
2019-07-15,-46.49340501689454,101.53652401291859,55.043118996024056,35.84943985607842,12.720732746038868,0.1078523719733365,63.86498224304887,23.799999999999997,55.53962430749127,32.84057109874328,16.50763726421421,126.1766497440773,314.39767511591015,412.25668531718065,5.346355343058307,24.0,111.03449,14.180804,408.009,21.494888,13.621979,1.5304623,30,7.0,0.614306,1.0710661,35.393837,49.58737,5.165458,26.18244,16.891888,0.4630396,699.3355,0.8855092,68.41452,0.51984113,236.09015,0.58885247,10.66323,1.0553808,12.0915165,1.0982528,7.724767,150.723611,-33.615278
2019-08-15,-45.356083947058025,99.66685838366548,54.31077443660745,32.57888671782605,13.181947389112903,0.09134632218077958,54.46997448252688,8.6,82.83297291959408,29.844517790792267,37.39799950631269,163.56282889670027,312.694370766129,405.98796072177964,6.9456334262851565,24.0,111.03449,14.180804,408.513,21.494888,17.516144,5.142498,30,8.0,0.55240786,1.0388708,35.393837,49.58737,5.165458,26.18244,16.486736,0.3478153,710.2158,0.89918303,73.43145,0.5601116,227.11183,0.6965277,13.886998,1.0510178,12.373646,0.9995654,9.776553,150.723611,-33.615278
2019-09-15,-49.338333354017365,130.26118134082088,80.92284798680352,40.11406799845599,16.252171248611113,0.12352250756944447,58.148525721527776,86.60000000000001,131.03477784877742,37.97217486150139,59.773970497892265,206.87420820730588,340.50783590277774,406.46162288027875,7.80687224442171,24.0,111.03449,14.180804,408.756,21.494888,23.098267,7.159877,30,9.0,0.531872,1.0238893,35.393837,49.58737,5.165458,26.18244,82.26494,1.9064537,761.4207,0.96320033,115.64356,0.91034955,179.58372,0.61523604,18.490482,1.0430229,15.93839,1.0364823,12.501319,150.723611,-33.615278
2019-10-15,-43.265168622949076,156.75730750255084,113.49213887960177,54.62272793567574,19.391944426747312,0.1144138638004032,56.98297595362903,46.6,178.33717032745565,50.0382038765584,82.39457576266494,264.3669919097534,355.4156532258064,407.17733305829523,9.813875196611347,24.0,111.03449,14.180804,408.902,21.494888,28.9086,9.8004265,30,10.0,0.57979804,1.1223577,35.393837,49.58737,5.165458,26.18244,32.159164,0.6009045,674.97107,0.8582151,130.91084,0.9086643,199.32536,0.72304183,23.238348,1.074411,19.108173,1.0582453,15.884434,150.723611,-33.615278
2019-11-15,-35.1223098810506,160.76813282512714,125.64582294407654,54.33604675545802,21.929939219444442,0.09463029501041667,51.935295997916654,31.200000000000003,192.7200386458257,51.43477018487338,101.34527349088034,287.56153395721697,366.911931875,403.8136877075043,12.862987874351816,24.0,111.03449,14.180804,408.935,21.494888,33.1333,11.060888,30,11.0,0.5114239,0.98447186,35.393837,49.58737,5.165458,26.18244,24.278566,0.30222565,588.09375,0.7497173,138.70267,0.7836252,212.13411,0.68851745,26.63395,1.1123062,22.072412,1.0830163,20.762365,150.723611,-33.615278
2019-12-15,-32.24299553671963,156.0853281355581,123.84233259883847,40.07877759796114,23.707972506720434,0.08300330759744624,54.80596531854838,0.0,176.06207684811022,36.714937542696184,101.01931849140223,264.3051388420699,384.4042985215054,405.1133140599378,13.503624958592715,24.0,111.03449,14.180804,408.699,21.494888,35.176605,10.877884,30,12.0,0.43358743,0.83574975,35.393837,49.58737,5.165458,26.18244,0.6188844,0.008194024,487.7591,0.6231395,57.056614,0.2725036,172.70018,0.51336026,29.869251,1.1779116,24.298721,1.0843899,22.523518,150.723611,-33.615278
2020-01-15,34.84554679837113,102.36236276066498,137.2079095590361,55.77130727991174,25.06605757709116,0.11677378645396551,68.0947069825625,69.6,164.0414448482781,51.09038214680086,77.94193185713729,218.08792140606974,417.4253695479505,410.01524977837624,10.360928328574284,24.0,111.03449,14.164612,408.423,21.494888,34.24182,8.36249,30,1.0,0.47961134,0.92443925,30.044758,55.012554,5.165458,30.887074,59.59197,0.7277852,451.49042,0.5736551,84.48942,0.34988126,215.40025,0.5539808,23.416964,0.9747288,25.879332,1.0865874,17.008217,150.723611,-33.615278
2020-02-15,49.67575965757707,92.71189452036904,142.38765417794613,66.94508320137302,22.999205244252874,0.2623275543821839,76.31191897270114,437.0,153.92151344841523,65.55573760492052,54.638065940921145,202.00570579647552,406.29619841009156,425.98647132722476,6.774736502179085,24.0,111.03449,14.164612,408.497,21.494888,27.494476,3.6356277,30,2.0,0.62257725,1.1318944,30.044758,55.012554,5.165458,30.887074,336.28653,2.7503467,762.3119,0.96768665,396.49738,1.4092351,535.2001,1.1539887,19.724253,0.928602,23.858849,1.0184295,11.586975,150.723611,-33.615278
2020-03-15,16.218579394198553,131.53996083724599,147.75854023144456,79.07288258140305,20.184648877688172,0.264128675672043,78.07674971774193,155.39999999999998,119.57186789124327,72.43623980799379,28.385594180811356,167.59943786153227,386.63153918010755,431.7890681000927,5.2587632015386925,24.0,111.03449,14.164612,408.748,21.494888,24.587463,3.8135166,30,3.0,0.668458,1.1262894,30.044758,55.012554,5.165458,30.887074,97.10999,1.2559556,729.6288,0.92157054,492.9885,1.7514688,550.0451,1.1031408,16.871515,0.92659134,20.773947,0.9731712,8.706634,150.723611,-33.615278
2020-04-15,-35.73950373140111,149.68646120341134,113.94695747201024,57.07271362594144,18.572914861805558,0.13178768464583335,69.86175181944444,47.2,87.50269208325903,54.02531255887728,20.835480079677254,151.51525499465416,358.06568486111115,428.64652566799964,6.526675754201652,24.0,111.03449,14.164612,408.976,21.494888,21.887054,3.4726658,30,4.0,0.7000209,1.1725296,30.044758,55.012554,5.165458,30.887074,33.500175,0.48038703,750.7115,0.94888395,466.8967,1.7335743,551.3861,1.0794427,14.524568,1.0211523,18.414389,1.013174,9.797589,150.723611,-33.615278
2020-05-15,-40.659782729832536,121.13257017299291,80.47278744316037,46.26238283927072,14.22577754704301,0.1108340644657258,71.9200802016129,38.8,63.77863872191062,42.379548437288925,13.364016923627522,124.2170673514442,335.7862184811828,422.03397907422556,4.588997727750649,24.0,111.03449,14.164612,409.237,21.494888,16.301056,2.1407804,30,5.0,0.6896086,1.1456853,30.044758,55.012554,5.165458,30.887074,42.930096,0.8961322,782.17175,0.9919816,173.54027,0.89012617,570.03766,1.196759,11.013848,1.0075885,14.160275,0.9545116,7.0071235,150.723611,-33.615278
2020-06-15,-53.047995723745416,111.08530265435,58.03730693060458,35.70410924704158,12.326225085416667,0.10129174606944444,76.21003735416667,20.799999999999997,52.400499292511114,33.79768612983843,15.674014402008106,111.89958427909097,325.255229375,418.8461468857926,3.4286738975571875,24.0,111.03449,14.164612,409.654,21.494888,14.422943,2.109807,30,6.0,0.68796927,1.1685846,30.044758,55.012554,5.165458,30.887074,16.78846,0.3555355,758.9074,0.9603326,93.21873,0.5654349,586.2072,1.3133838,9.366227,1.0103471,12.313136,1.032255,5.34669,150.723611,-33.615278
2020-07-15,-53.23378063131261,117.92222370593808,64.6884430746255,37.40515136910513,12.324708277553762,0.12605553516465054,74.26674351478493,144.2,55.94112859901075,34.26571064786304,14.287150745084313,114.38166485866262,326.14465208333337,411.8857052613817,3.708371964121559,24.0,111.03449,14.164612,410.177,21.494888,13.642853,1.7736387,30,7.0,0.66100043,1.1524798,30.044758,55.012554,5.165458,30.887074,111.77719,3.064031,853.7927,1.0810852,171.49574,1.3030938,638.39246,1.5922687,9.967842,0.98655564,11.869214,1.0780615,5.5430923,150.723611,-33.615278
2020-08-15,-60.23127399175126,140.51665505444646,80.28538106269524,51.03634105333918,12.893270545698927,0.1874634482862903,62.98349273521505,68.80000000000001,87.5003329925334,46.752824973294885,23.119168038940256,164.98941702149847,315.90837990591405,405.2245813076131,5.539870714192076,24.0,111.03449,14.164612,410.633,21.494888,16.499146,4.241665,30,8.0,0.6582347,1.2378912,30.044758,55.012554,5.165458,30.887074,55.994247,1.1812924,893.3003,1.1309808,184.55989,1.4077637,358.10016,1.0982549,13.082241,0.9901109,12.257481,0.9901814,8.191513,150.723611,-33.615278
2020-09-15,-72.09740923208898,170.21215502864678,98.11474579655778,54.94593672960061,16.54630065486111,0.10897790638888889,65.4028758888889,32.0,126.72474424055557,52.0120950461991,48.395235233014645,201.25583079736114,344.3446099305556,412.0617664772029,6.577751849290276,24.0,111.03449,14.164612,410.924,21.494888,22.198395,5.8848324,30,9.0,0.6559988,1.2628418,30.044758,55.012554,5.165458,30.887074,26.210386,0.6074142,837.24567,1.0591192,193.98183,1.5270307,287.20056,0.9839207,17.620375,0.99394125,16.313562,1.06088,11.005173,150.723611,-33.615278
2020-10-15,-37.28293386653233,166.62300105438493,129.34006718785258,53.569690892373785,19.08507442204301,0.13113897440860214,68.06530110887097,148.40000000000003,141.27593204837163,49.073548974584945,56.6666294731654,207.59239559019358,369.6704883064516,411.32487998647105,7.144969984133547,24.0,111.03449,14.164612,411.014,21.494888,27.412811,8.144852,30,10.0,0.63331413,1.2259527,30.044758,55.012554,5.165458,30.887074,93.98526,1.7561455,899.0718,1.1431556,176.1899,1.2229505,347.68564,1.2612106,21.056425,0.9735311,19.26796,1.0670946,11.976598,150.723611,-33.615278
2020-11-15,-29.491192983807892,185.05228112654572,155.56108814273784,79.94729141187202,21.30553484027778,0.15059618717708334,66.80722755555556,49.800000000000004,189.37987332802987,75.67850085191712,76.2147893058779,265.74702873077484,379.1651594444444,426.1256479820576,8.543126347332086,24.0,111.03449,14.164612,410.952,21.494888,29.190704,7.509775,30,11.0,0.6346944,1.221763,30.044758,55.012554,5.165458,30.887074,55.874676,0.6955419,930.6679,1.1864399,176.07033,0.9947404,360.63022,1.1704869,24.47334,1.0220733,21.68093,1.0638076,15.343169,150.723611,-33.615278
2020-12-15,1.8909656879942531,163.9543823743071,165.84534806230138,80.01825257336729,21.163464744623656,0.13367700227822582,74.08143389784946,61.99999999999999,169.71404068871706,73.30226423014261,56.480186331877285,214.27480273579974,404.3093592069892,422.9323235915358,6.611794795835219,24.0,111.03449,14.164612,410.858,21.494888,29.891815,7.734169,30,12.0,0.6405295,1.2346354,30.044758,55.012554,5.165458,30.887074,127.55261,1.6887953,1057.6016,1.3511451,277.41254,1.3249283,471.39438,1.4012443,22.993141,0.9067482,22.157646,0.9888392,11.807836,150.723611,-33.615278
2021-01-15,1.9000440634079805,184.34279137297167,186.24283543637966,82.52199955038785,22.807458319892472,0.13325378895833334,71.32349092741936,39.8,192.05993500577418,75.59586995849449,71.16982656606795,244.68098505945025,408.751458969348,425.21380203405863,8.10459200292619,24.0,111.03449,13.355025,410.798,21.494888,32.336884,8.978838,30,1.0,0.65316725,1.2589641,29.52547,56.12763,5.165458,31.649649,56.99801,0.6961057,1055.0077,1.3404727,240.4253,0.9956313,416.6152,1.071479,23.819778,0.99149597,23.358046,0.980727,14.463997,150.723611,-33.615278
2021-02-15,16.8376193848301,158.58670810556941,175.4243274903995,89.22921098413907,21.811348154761905,0.19049507139136906,77.77962288690476,141.4,166.4331636444204,90.49801259535533,43.55021889425687,206.5669448978802,409.93476428571427,421.72608757740846,5.902754778581801,24.0,111.03449,13.355025,410.816,21.494888,26.095947,3.5527534,30,2.0,0.70357656,1.2791574,29.52547,56.12763,5.165458,31.649649,112.02097,0.9161726,830.74207,1.0545527,296.5716,1.0540779,472.6419,1.019102,19.464964,0.9163948,22.543194,0.96226996,9.651998,150.723611,-33.615278
2021-03-15,0.8612740707995137,178.18668708831456,179.04796115911407,74.42736973731283,20.582729993279568,0.21581746789314515,75.06519713709677,403.19999999999993,136.25435338030312,68.18062813152284,34.91806464315012,178.65299164601547,396.42741780913974,417.6771887982773,6.133057038911865,24.0,111.03449,13.355025,410.972,21.494888,25.068726,4.19067,30,3.0,0.691893,1.1657752,29.52547,56.12763,5.165458,31.649649,339.89243,4.395941,1073.5245,1.3559341,508.9114,1.8080391,786.324,1.577009,17.020891,0.93479514,20.878056,0.9780482,8.735731,150.723611,-33.615278
2021-04-15,-28.37991750996673,168.8862042837395,140.50628677377279,64.41020834474666,17.482192711805556,0.2020288475347222,70.09311668750001,69.0,128.0146793691764,60.97102129424013,31.66303796715075,186.26452814874304,362.2455048611111,421.0294112295299,6.0396990501686885,24.0,111.03449,13.355025,411.09,21.494888,20.784943,3.4313889,30,4.0,0.67824405,1.1360534,29.52547,56.12763,5.165458,31.649649,19.898314,0.28533855,1059.9226,1.3397205,471.8117,1.7518235,712.237,1.3943388,15.8691435,1.1156828,17.353554,0.954806,10.266712,150.723611,-33.615278
2021-05-15,-18.427571947214343,132.5926194245638,114.16504747734948,54.374376518766226,14.896237997983873,0.14432658867607528,74.40350916666667,59.0,79.38207343034946,49.81069676913262,12.511756540653355,125.84779484034273,353.13068817204294,424.16163536113413,4.371174843716957,24.0,111.03449,13.355025,411.26,21.494888,16.51593,1.7814894,30,5.0,0.68302757,1.1347519,29.52547,56.12763,5.165458,31.649649,43.022552,0.8980621,1060.0151,1.3443538,402.8133,2.066118,699.3849,1.4683155,11.099995,1.0154696,14.734441,0.9932147,6.84625,150.723611,-33.615278
2021-06-15,-25.997801215639512,110.3621931775635,84.36439196192399,45.40419639494523,11.90050206875,0.14366987577083334,76.95493940972223,58.199999999999996,59.7552155520875,42.979836525708954,5.465964304032655,101.42116427208333,339.09259055555555,410.6013977879112,3.2283152953378527,24.0,111.03449,13.355025,411.645,21.494888,13.289734,1.6607828,30,6.0,0.68540657,1.1642315,29.52547,56.12763,5.165458,31.649649,35.757557,0.75725114,1078.9843,1.3653625,98.67842,0.59855163,607.58984,1.361291,9.165629,0.98870844,11.628951,0.9748973,5.1748104,150.723611,-33.615278
2021-07-15,-42.01640687343547,121.2204631661381,79.20405629270263,50.528635780082396,11.822661378830647,0.12409667174731184,69.09432411962366,28.2,69.19509137652675,46.287731761503196,7.729801371559705,120.90963586112298,330.33314979838707,403.88918195082704,4.307022052250229,24.0,111.03449,13.355025,412.155,21.494888,13.026642,1.7735052,30,7.0,0.648373,1.1304634,29.52547,56.12763,5.165458,31.649649,15.5557785,0.42641425,982.7628,1.244389,94.335884,0.71680206,566.1476,1.4120766,10.199072,1.0094414,11.253137,1.0221041,6.3087564,150.723611,-33.615278
2021-08-15,-46.903982727819674,139.43020758985497,92.52622486203529,56.489784075782154,13.444483875686918,0.12646342157369478,64.57620514972346,64.4,100.87749186174496,51.7485566787407,25.358635588535357,157.45296758065965,337.20156675443707,406.0548726285993,5.4985959804442315,24.0,111.03449,13.355025,412.679,21.494888,17.2742,4.3339157,30,8.0,0.6076652,1.142789,29.52547,56.12763,5.165458,31.649649,52.063683,1.0983706,978.8322,1.2392702,103.377014,0.7885267,506.19034,1.5524317,13.791301,1.0437751,12.940285,1.0453396,9.189659,150.723611,-33.615278
2021-09-15,-59.58427914291875,169.1969852022778,109.61270605935906,68.91152552772675,16.024621315277777,0.11229321215277778,60.56787128472222,13.000000000000002,147.5429444437507,65.23199036837592,50.16019822793198,210.79568493683337,352.14052368055553,405.63300606332876,7.247798022240383,24.0,111.03449,13.355025,413.057,21.494888,21.86441,6.3935003,30,9.0,0.60738647,1.1692597,29.52547,56.12763,5.165458,31.649649,14.004584,0.3245501,966.62646,1.2227864,81.62405,0.6425469,180.30246,0.6176984,18.484352,1.042677,15.47091,1.0060818,12.163285,150.723611,-33.615278
2021-10-15,-55.15065214383074,195.98730199900137,140.83664985517066,68.33713025958392,18.15758833400538,0.12610218866263442,64.46296033602151,39.0,192.4195088303696,62.60154674616006,77.14776217322807,253.37569334840052,372.212690860215,420.6432794222841,7.494333525038148,24.0,111.03449,13.355025,413.218,21.494888,26.522217,8.507561,30,10.0,0.60851437,1.1779461,29.52547,56.12763,5.165458,31.649649,46.76038,0.87373304,919.4015,1.1690044,112.82864,0.7831541,207.16452,0.75147796,21.752441,1.0057111,18.014656,0.9976843,12.140878,150.723611,-33.615278
2021-11-15,2.6773827912486317,162.52768955329347,165.2050723445421,70.47267954882751,18.553321680555555,0.24909328471527775,76.98766656944444,196.0,152.22447482770488,66.70978647415245,44.71538077158433,188.2476654336632,391.7822007638889,421.8720389825482,4.977277575621675,24.0,111.03449,13.355025,413.257,21.494888,25.454376,6.300497,30,11.0,0.63643014,1.2251042,29.52547,56.12763,5.165458,31.649649,217.7518,2.7106287,1081.2787,1.3784424,278.51675,1.5735296,381.8938,1.2395016,21.43512,0.8951889,19.15388,0.93981403,8.076166,150.723611,-33.615278
2021-12-15,-3.704440312349006,196.85235048156648,193.14791016921748,93.21131887102541,21.33135956317204,0.19384076186155913,74.08343751344087,95.2,195.56940305995295,85.38802717366634,59.682566753043524,238.9133305676008,405.32726497430247,424.7616261314688,6.681174864245051,24.0,111.03449,13.355025,413.211,21.494888,28.323639,6.4083405,30,12.0,0.6632242,1.2783799,29.52547,56.12763,5.165458,31.649649,82.39974,1.0909718,1036.1259,1.3237087,346.91193,1.6568588,428.53598,1.2738454,24.314564,0.9588592,21.915298,0.9780239,11.384118,150.723611,-33.615278
2022-01-15,13.669198248600354,213.53905599326737,227.20825424186773,101.6641756812398,23.311350120967745,0.18498628467405911,79.35161143145162,137.8,182.55132527725675,93.1314297533938,48.67610444174692,217.58527779009947,422.99122305107534,443.60208731312497,6.020472263018048,24.0,111.03449,12.220903,413.096,21.494888,28.747986,4.6995583,30,1.0,0.68272334,1.3159328,29.714226,57.33079,5.165458,28.3725,128.14717,1.5650367,1107.2749,1.4068825,428.2987,1.7736386,541.1274,1.3917078,21.549204,0.8969835,24.048428,1.0097139,10.282534,150.723611,-33.615278
2022-02-15,7.131293367509086,199.33168668345598,206.46298005096506,98.21845428329883,21.76088222470238,0.17551268374255954,79.62407704613095,170.0,171.32304371653274,99.61507912925842,39.780976934854415,210.23851583852678,409.60092574404763,438.4584631422852,5.395762842761147,24.0,111.03449,12.220903,413.174,21.494888,25.555756,2.872488,30,2.0,0.6940485,1.2618347,29.714226,57.33079,5.165458,28.3725,148.80023,1.2169747,1144.0542,1.4522743,359.34714,1.2771953,637.8639,1.3753506,18.923498,0.89090306,22.683268,0.9682491,9.412915,150.723611,-33.615278
2022-03-15,7.722156082757747,202.56084211381355,210.2829981965713,95.65499925282795,20.70152374327957,0.3585936286290323,85.21958476478494,425.4,145.61001646347506,87.62660773847769,12.29636361442186,151.83540974227955,405.1964537081448,446.337971843164,3.6627092287393346,24.0,111.03449,12.220903,413.39,21.494888,24.104187,2.6631851,30,3.0,0.69067633,1.1637251,29.714226,57.33079,5.165458,28.3725,508.71387,6.579364,1312.8756,1.6582508,785.66125,2.7912643,1132.5732,2.2714279,15.014443,0.8246001,21.441002,1.0044198,5.7532864,150.723611,-33.615278
2022-04-15,-8.91664178273348,168.60611382444972,159.68947204171627,69.21704549482196,18.571546677083333,0.3447457476388889,79.76840554861111,114.2,134.0977151064843,65.52119707796882,18.08463268381216,143.21020916085416,370.18765649217715,436.18313557997755,4.380929256758582,24.0,111.03449,12.220903,413.538,21.494888,21.061829,2.2203827,30,4.0,0.6888513,1.1538205,29.714226,57.33079,5.165458,28.3725,92.87905,1.3318704,1385.8563,1.7516941,750.3931,2.7861884,1178.6918,2.3075125,12.997315,0.9137785,18.841446,1.036671,7.5133553,150.723611,-33.615278
2022-05-15,-8.447231037155431,138.82742984760014,130.3801988104447,48.4716291649481,15.024185360215053,0.29238802584005374,81.10084401209677,53.400000000000006,56.91494402101132,44.403371161557885,9.480421844351914,114.80829287435887,323.45681282871595,439.5304400530689,3.2545743625180927,24.0,111.03449,12.220903,413.771,21.494888,16.465637,1.2658224,30,5.0,0.6922757,1.1501163,29.714226,57.33079,5.165458,28.3725,49.223793,1.0275081,1392.0576,1.7654634,650.8167,3.338182,1010.1639,2.120777,10.440979,0.9551803,15.199815,1.0245845,4.7774644,150.723611,-33.615278
2022-06-15,-51.10476188943622,134.00760542536267,82.90284353592642,44.62358672597234,11.71686350851958,0.20929280365994912,67.29390595841784,5.4,19.32601632733021,42.24090755819665,6.801503527081987,124.42528355604296,275.9415279036281,428.9800281547891,4.525795063981213,24.0,111.03449,12.220903,414.129,21.494888,12.639923,1.4346857,30,6.0,0.6545702,1.1118529,29.714226,57.33079,5.165458,28.3725,2.9333394,0.062120426,1359.2334,1.719994,145.03618,0.8797429,930.69745,2.0852063,9.970443,1.0755247,11.205237,0.9393758,6.4484453,150.723611,-33.615278
2022-07-15,-45.34880816499008,140.23372473654797,94.88491657155788,54.122670035200365,12.19475384099185,0.3480883848388048,76.17675448894352,261.4,30.03068642624287,49.58011618815994,0.42853229776012014,101.5201426907285,310.12765426358783,429.44467765330654,3.403519198990872,24.0,111.03449,12.220903,414.588,21.494888,12.29364,0.67141056,30,7.0,0.6229627,1.0861596,29.714226,57.33079,5.165458,28.3725,250.95654,6.8792086,1594.6342,2.0191498,303.11368,2.30318,1053.5068,2.6276407,9.088937,0.899567,11.62223,1.0556282,4.486281,150.723611,-33.615278
2022-08-15,-34.6699315699788,88.15670906662852,53.48677749664973,32.11503504767741,13.704882769736841,0.19717220098684207,66.29484807017543,8.2,43.81467604779702,48.00039595089016,9.266572046577659,132.23853646357458,303.591513163263,409.78525623317483,5.322561855798255,24.0,111.03449,12.220903,415.073,21.494888,15.100739,1.8947992,30,8.0,0.6143551,1.1553701,29.714226,57.33079,5.165458,28.3725,24.709696,0.5212924,1567.2802,1.9842867,278.59958,2.1250682,929.4163,2.8504207,12.926536,0.97832656,13.205939,1.0667996,7.4954042,150.723611,-33.615278
