time,NEE_SOLO_EC,GPP_SOLO_EC,ER_SOLO_EC,ET_EC,Ta_EC,Sws_EC,RH_EC,Precip_EC,Fn_EC,Fe_EC,Fh_EC,Fsd_EC,Fld_EC,CO2_EC,VPD_EC,VegH_EC,aspect_RS,BS_RS,CO2_RS,elevation_RS,LST_RS,LST-Tair_RS,Landcover_RS,month_RS,NDVI_RS,NDVI_anom_RS,NPV_RS,PV_RS,VegH_RS,WCF_RS,bare_RS,grass_RS,rain_RS,rain_anom_RS,rain_cml12_RS,rain_cml12_anom_RS,rain_cml3_RS,rain_cml3_anom_RS,rain_cml6_RS,rain_cml6_anom_RS,srad_RS,srad_anom_RS,tavg_RS,tavg_anom_RS,trees_RS,vpd_RS,x_coord,y_coord
2012-08-15,0.7275029265396923,1.9584225741894046,2.685925500729097,2.758423595223345,17.172348055645163,0.0,24.075102674759265,0.0,86.32488743797043,2.5269071584677416,77.96657333270112,244.7134297757902,300.54173884408607,362.2309075811766,15.030411422365745,6.5,61.803383,39.587902,391.05,546.04175,30.473602,14.402,20,8.0,0.22815655,1.02627,48.301857,12.279897,1.7097989,0.10099619,0.7756797,0.10920709,0.10045898,0.02393261,226.98897,0.7238151,0.4527954,0.020399602,82.252174,0.8603263,21.15597,1.050666,16.071602,0.9808008,0.115113206,20.930708,133.64,-22.287
2012-09-15,6.854634301805859,2.7331404314013072,9.587774733207167,5.4736196682401115,22.30590364861111,0.0,20.58353630396797,4.0,102.60903997069444,5.181355408176674,88.25111724345655,270.0123228761526,332.21416756944444,359.0678713383514,21.756689457085876,6.5,61.803383,39.587902,391.479,546.04175,37.206543,15.667852,20,9.0,0.21707557,0.99286,48.301857,12.279897,1.7097989,0.10099619,0.7756797,0.10920709,1.5957526,0.18548574,228.58429,0.72913945,1.6962116,0.079339914,33.66942,0.483921,24.36987,1.0279187,21.53869,1.0115668,0.115113206,29.78373,133.64,-22.287
2012-10-15,6.424131327394135,8.427747676134137,14.85187900352827,7.785157567178631,25.982049763309895,0.0,18.204654299727522,5.0,124.61792947807922,7.131743804819854,111.75119817221193,304.711987607298,352.30435977513844,361.46413871027204,28.084871878451466,6.5,61.803383,39.587902,391.519,546.04175,45.29962,20.491507,20,10.0,0.21372336,1.0014049,48.301857,12.279897,1.7097989,0.10099619,0.7756797,0.10920709,0.327549,0.019419728,224.3287,0.71573853,2.0237606,0.068214744,2.376097,0.035729468,27.365202,1.0474371,24.808115,1.0012645,0.115113206,37.24823,133.64,-22.287
2012-11-15,9.413362415112308,11.225408768637596,20.638771183749906,32.29656285303095,29.594921583333335,0.0,30.296668572047125,37.2,141.20785829390277,30.57208588587837,100.22442731156856,297.73110837166155,393.3351805555555,364.0248233941334,29.720057274691225,6.5,61.803383,39.587902,391.319,546.04175,48.895294,19.603687,20,11.0,0.20934197,1.0042061,48.301857,12.279897,1.7097989,0.10099619,0.7756797,0.10920709,35.266937,1.2059093,237.66289,0.7597555,37.19024,0.6797079,37.643036,0.4894343,26.993177,0.99558866,29.291607,1.06831,0.115113206,38.294548,133.64,-22.287
2012-12-15,10.097593819360709,19.981884271247303,30.07947809060801,48.31449157908291,30.04678772177419,0.0,34.347185401345286,56.8,148.93107654341398,44.25942224404041,98.52322234529434,298.9401023607711,400.8913827284946,367.42921884279224,28.751128986464654,6.5,61.803383,39.587902,391.236,546.04175,48.71689,18.390347,20,12.0,0.21147187,0.97642344,48.301857,12.279897,1.7097989,0.10099619,0.7756797,0.10920709,63.203323,1.447779,290.2256,0.925011,98.797806,1.100599,100.49402,0.9041596,27.82064,0.98933434,30.326542,1.040832,0.115113206,37.097065,133.64,-22.287
2013-01-15,15.634852825945675,11.516105703430853,27.15095852937653,24.829127439787797,32.38084606182796,0.0,24.828140454201794,20.8,151.10077558944892,22.745201271753036,118.32480609982989,319.5617290257541,404.6544766801076,367.1615970373582,37.74474200789262,6.5,61.803383,47.08788,391.28,546.04175,49.90561,17.825115,20,1.0,0.20129548,0.933098,43.745632,9.166763,1.7097989,0.11286864,0.8824329,0.032758698,13.606419,0.23273437,255.48785,0.82231796,112.076675,0.85533315,114.10043,0.70924866,29.054777,1.040405,32.080494,1.070396,0.08480842,47.24731,133.64,-22.287
2013-02-15,9.801959672486849,5.610540587224534,15.412500259711384,12.650434973861133,30.043311063988096,0.0,27.92395931733334,11.2,132.18502383030506,12.830318804507968,113.71282409598692,290.3203846638558,396.8748453869048,363.9339194626917,31.557552628468176,6.5,61.803383,47.08788,391.481,546.04175,48.185303,18.50713,20,2.0,0.2045727,0.8588151,43.745632,9.166763,1.7097989,0.11286864,0.8824329,0.032758698,8.080742,0.13179232,204.33289,0.6564323,84.89048,0.5224217,122.08073,0.56001633,27.273472,1.0462356,29.678173,1.0196115,0.08480842,37.66246,133.64,-22.287
2013-03-15,10.310520543095357,4.00820872968616,14.318729272781518,5.960492018238124,29.665670934139783,0.0,28.09959562753712,3.6,121.88794410355511,5.460223721605832,110.02175247465186,274.9348029713336,394.13464986559137,364.0128697895596,30.78554239384965,6.5,61.803383,47.08788,391.8,546.04175,46.859406,17.786823,20,3.0,0.20556746,0.82220036,43.745632,9.166763,1.7097989,0.11286864,0.8824329,0.032758698,6.1755624,0.17831644,160.32996,0.5126594,27.862722,0.18044625,126.66052,0.5192656,25.369345,1.0473899,29.072582,1.0900145,0.08480842,36.592167,133.64,-22.287
2013-04-15,9.512587825556302,0.0,6.980686806693246,6.885277363125694,24.320280849129905,0.0,27.11165241966827,6.4,93.70499923817245,6.5176375533044775,85.98242437485447,239.6123428187604,353.90147759918887,363.9802693504427,22.61384566619918,6.5,61.803383,47.08788,392.14,546.04175,37.533142,13.892122,20,4.0,0.20439291,0.8112131,43.745632,9.166763,1.7097989,0.11286864,0.8824329,0.032758698,6.761516,0.33908197,135.4706,0.43176264,21.01782,0.18136409,133.0945,0.5390182,21.936481,1.0318091,23.64102,1.0532901,0.08480842,28.604004,133.64,-22.287
2013-05-15,6.154123274118154,0.0,5.814680615419241,24.578550378758816,19.419784887768817,0.0,46.90557423338103,43.6,75.84768670813172,22.5156553200876,56.9471051980078,185.86785636660312,342.2851055107527,365.2681184374222,12.134334901267447,6.5,61.803383,47.08788,392.466,546.04175,30.213623,10.914001,20,5.0,0.2105345,0.84353316,43.745632,9.166763,1.7097989,0.11286864,0.8824329,0.032758698,43.020355,2.2839136,178.49095,0.5689571,55.957436,0.7622643,140.8479,0.59705687,16.536798,0.9541379,19.299622,1.0876269,0.08480842,17.74091,133.64,-22.287
2013-06-15,0.15810539851358496,13.26343846935646,13.421543867870044,10.65329422977097,15.846305398167056,0.013387040365581604,42.762332074373916,1.0,57.72453047237441,10.084460926761592,50.213614227331306,159.00117622357627,328.3333613291952,364.7241397381754,10.399376027599153,6.5,61.803383,47.08788,392.806,546.04175,24.945526,8.943556,20,6.0,0.22965577,0.91830105,43.745632,9.166763,1.7097989,0.11286864,0.8824329,0.032758698,0.0,0.0,178.13861,0.5679989,49.78187,1.0328782,77.64459,0.3832269,14.894467,0.9408705,16.00197,1.1206281,0.08480842,13.03533,133.64,-22.287
2013-07-15,7.5440683383881755,4.15040081851061,11.694469156898784,4.2662423454131755,15.733898017473116,0.01934485811155914,38.04009851765578,1.0,70.01942225600806,3.9081736180950446,62.3421498307793,197.61638773918477,308.4087997311828,365.38678926193353,11.175365306092562,6.5,61.803383,47.08788,393.371,546.04175,26.383026,10.880473,20,7.0,0.21598534,0.906192,43.745632,9.166763,1.7097989,0.11286864,0.8824329,0.032758698,1.845193,0.21509844,179.98381,0.5739325,44.865547,1.2180157,65.88337,0.43139297,17.131144,1.0046604,15.502553,1.1114413,0.08480842,15.102792,133.64,-22.287
2013-08-15,5.345780936415773,6.120280025177896,11.46606096159367,1.8328288622779945,19.82586103091398,0.01236064098561828,22.462328046481964,0.0,89.96717569939516,1.6789982439087843,78.87781136237784,242.96478899289392,318.79095564516126,366.0709376980968,18.182299886804586,6.5,61.803383,47.08788,393.862,546.04175,32.848877,14.29092,20,8.0,0.20099999,0.9041172,43.745632,9.166763,1.7097989,0.11286864,0.8824329,0.032758698,0.0,0.0,179.88336,0.57360625,1.845193,0.08313071,57.802628,0.6045934,21.007412,1.0432882,18.557957,1.1325355,0.08480842,24.283028,133.64,-22.287
2013-09-15,11.51053047933395,1.7942917684478261,13.304822247781775,5.468905704527175,25.367452736111115,0.008333346979257462,19.34454418454215,7.8,105.26747297291666,5.176893146847174,86.49893591876356,266.97456136681876,350.7777949305555,367.1379549963339,26.67788446034613,6.5,61.803383,47.08788,394.065,546.04175,41.501465,16.94993,20,9.0,0.19585538,0.89580315,43.745632,9.166763,1.7097989,0.11286864,0.8824329,0.032758698,3.2489502,0.3776487,181.53654,0.5790663,5.0941434,0.2382774,54.876015,0.7887174,24.524157,1.0344266,24.551535,1.1530653,0.08480842,34.704456,133.64,-22.287
2013-10-15,7.869080604898677,6.407101073967335,14.276181678866013,4.94245269203184,26.600443494623658,0.00512341942827262,14.535981324897445,0.0,125.32400177674732,4.5276291536623825,111.01643997504105,312.94650333448635,352.46694516129037,361.55131346473024,30.463965151360984,6.5,61.803383,47.08788,394.126,546.04175,46.568848,20.902891,20,10.0,0.1894763,0.8877948,43.745632,9.166763,1.7097989,0.11286864,0.8824329,0.032758698,0.0,0.0,181.209,0.5781617,3.2489502,0.10951211,48.1145,0.7234997,27.359156,1.0472057,25.665956,1.0358872,0.08480842,38.922943,133.64,-22.287
2013-11-15,4.257517647724514,8.934525608965362,13.192043256689875,8.22434649518239,28.91796988888889,0.006241276429008361,21.035707311137863,13.2,126.43670046979169,7.785207006396419,107.13320419133775,295.41204309275037,384.0168023611111,356.4483629780667,32.34263860623775,6.5,61.803383,47.08788,394.086,546.04175,49.117493,20.700064,20,11.0,0.18317246,0.8786718,43.745632,9.166763,1.7097989,0.11286864,0.8824329,0.032758698,13.015848,0.4450608,158.9579,0.5081531,16.2648,0.2972638,18.109991,0.23546588,27.623697,1.0188441,28.417429,1.0364274,0.08480842,38.622353,133.64,-22.287
2013-12-15,17.952666118501405,7.8552641185782806,25.807930237079688,37.15037189193575,28.94435145833333,0.034244069213984,33.93092437352784,71.0,135.54135420409946,34.03231499180614,88.38675433217682,275.9941922764279,399.0256920026882,365.6507886636368,27.103444985588972,6.5,61.803383,47.08788,393.929,546.04175,48.580597,19.543255,20,12.0,0.1898249,0.8764734,43.745632,9.166763,1.7097989,0.11286864,0.8824329,0.032758698,61.78584,1.4153092,157.54042,0.502115,74.80169,0.83328444,79.89583,0.71883464,27.415192,0.9749161,29.037342,0.99658567,0.08480842,36.480606,133.64,-22.287
2014-01-15,5.815764035599225,34.45803560754281,40.27379964314203,72.40476993591469,29.39422239919355,0.04662148748655913,38.97781158915574,137.199999,151.9189150579973,66.3277865571835,81.04759099061646,296.6050693565383,401.84872049731183,370.1672280501716,25.710950322021784,6.5,61.803383,44.026176,393.791,546.04175,45.519196,15.879238,20,1.0,0.21269977,0.9859622,44.58354,11.204996,1.7097989,0.04387157,0.71893096,0.20960808,93.17102,1.5936668,237.10503,0.76315063,167.97272,1.2819138,171.22165,1.0643144,26.417517,0.9459689,29.639957,0.9889652,0.071461,34.72172,133.64,-22.287
2014-02-15,-29.13346857812501,78.78686910192582,49.653400523800805,89.70876937883565,27.039247946428574,0.050945688843749996,46.101046020112406,40.8,158.5782589530506,90.98439010743681,51.817285691559675,284.09950155463446,394.4408316964286,368.27992890488713,19.727868984578514,6.5,61.803383,44.026176,393.825,546.04175,38.831512,11.153622,20,2.0,0.35247877,1.4797384,44.58354,11.204996,1.7097989,0.04387157,0.71893096,0.20960808,44.563934,0.72681254,273.58823,0.87891936,199.5208,1.2278644,215.78558,0.98986506,24.946487,0.95697033,27.67789,0.9508906,0.071461,25.540468,133.64,-22.287
2014-03-15,-11.893850897538236,51.1888451408381,39.29499424329987,43.97555366290887,27.410980940860217,0.013225892000491714,31.11208710272919,2.8,137.78433769301074,40.284654445681454,88.35794428283344,290.0702851556664,376.5291721774193,369.66094748003354,25.78434047500152,6.5,61.803383,44.026176,393.985,546.04175,40.259827,13.115236,20,3.0,0.30023786,1.20085,44.58354,11.204996,1.7097989,0.04387157,0.71893096,0.20960808,3.4797935,0.10047739,270.89246,0.866186,141.21475,0.9145435,216.01645,0.8855949,25.076752,1.03531,27.14459,1.0177284,0.071461,32.53723,133.64,-22.287
2014-04-15,7.819051251954659,22.030830100555463,29.849881352510124,19.798318085208408,23.766454319444442,0.020384906091649488,40.121811194076535,2.4000000000000004,101.88789703881945,18.741185668930306,80.14614157674909,237.8820328886112,359.9335895138889,368.59595165122965,17.95569157518348,6.5,61.803383,44.026176,394.17,546.04175,37.07138,13.490595,20,4.0,0.2551641,1.0127183,44.58354,11.204996,1.7097989,0.04387157,0.71893096,0.20960808,31.708,1.5901184,295.83893,0.9428776,79.751724,0.6881826,247.72446,1.0032572,20.625002,0.97012204,23.580786,1.0506065,0.071461,23.199877,133.64,-22.287
2014-05-15,8.29891508972361,13.536109210435946,21.835024300159557,8.134023102062354,20.75790022715054,0.020212046592741936,37.6318454780344,0.2,72.69961935302419,7.451328809446009,62.40886998361612,193.77665925613547,343.44174005376345,363.37208919520555,15.510209179169165,6.5,61.803383,44.026176,394.363,546.04175,32.425446,12.194204,20,5.0,0.24181582,0.96886575,44.58354,11.204996,1.7097989,0.04387157,0.71893096,0.20960808,0.9974008,0.05295115,253.81598,0.8090629,36.185196,0.49292257,235.706,0.9991621,17.57109,1.0138143,20.231241,1.1401283,0.071461,19.582619,133.64,-22.287
2014-06-15,10.538986946185315,2.4832054478823586,13.022192394067673,0.6106494585039197,14.31635182013889,0.017552639819444445,40.14170440575284,0.0,61.34937601611111,0.5780437929726919,61.326271077178454,193.2270386874601,298.7102649305556,364.88090392179214,9.840818697515086,6.5,61.803383,44.026176,394.76,546.04175,23.950562,9.648296,20,6.0,0.24026333,0.96071637,44.58354,11.204996,1.7097989,0.04387157,0.71893096,0.20960808,0.0,0.0,253.81598,0.8092978,32.705402,0.67857426,173.92017,0.8584099,16.109789,1.0176413,14.302265,1.0015967,0.071461,13.413187,133.64,-22.287
2014-07-15,8.378575331029737,6.928512947215522,15.30708827824526,10.156401367153759,14.24399575201613,0.02595429431451613,36.34119444319208,14.399999999999999,70.26490737567204,9.303967441176995,58.16279073809549,198.77129735144192,298.11233541666667,368.3423574006405,10.415989336463069,6.5,61.803383,44.026176,395.296,546.04175,24.115173,10.229008,20,7.0,0.23163456,0.9718501,44.58354,11.204996,1.7097989,0.04387157,0.71893096,0.20960808,15.529465,1.8103058,267.50024,0.853005,16.526865,0.4486735,96.27859,0.6304156,17.335999,1.0166742,13.886166,0.9955558,0.071461,14.565035,133.64,-22.287
2014-08-15,7.792920778059588,1.1679765984390076,8.960897376498593,3.6366798466277683,14.860662798319892,0.016023812809139785,26.651236296395204,0.0,89.81498910215055,3.3314507436103242,82.26424629752307,248.46572657010694,290.73353541666665,364.88983660143714,12.496820850440768,6.5,61.803383,44.026176,395.766,546.04175,27.896484,13.400217,20,8.0,0.21448115,0.9647567,44.58354,11.204996,1.7097989,0.04387157,0.71893096,0.20960808,0.0,0.0,267.50024,0.8529961,15.529465,0.69964254,51.71466,0.54091555,19.999146,0.9932148,14.496267,0.8846629,0.071461,17.033043,133.64,-22.287
2014-09-15,5.07036958052479,7.33580405876668,12.40617363929147,2.189862600667578,22.771855036111113,0.007718829369289961,16.987752183095022,0.0,109.89427836249999,2.0729347519282286,92.10020512981991,288.0028045027399,328.87639520833335,363.7350050523312,23.409311874140354,6.5,61.803383,44.026176,396.004,546.04175,39.076202,17.293848,20,9.0,0.20404005,0.93323815,44.58354,11.204996,1.7097989,0.04387157,0.71893096,0.20960808,0.0,0.0,264.25134,0.84291047,15.529465,0.7263872,48.234867,0.69326603,24.77151,1.0448599,21.782354,1.0230105,0.071461,30.51623,133.64,-22.287
2014-10-15,5.658299237403666,9.170157366474267,14.828456603877934,1.4880584128539713,27.268100553091397,0.003876728890732855,11.838979553941039,0.0,124.37823479301076,1.3631646213330735,110.74266117700569,320.98893932746927,351.7710786962366,360.0826682089447,32.71591524989272,6.5,61.803383,44.026176,396.004,546.04175,47.3573,21.325073,20,10.0,0.19735536,0.9247123,44.58354,11.204996,1.7097989,0.04387157,0.71893096,0.20960808,0.30356324,0.01799766,264.5549,0.8440834,0.30356324,0.010232183,16.83043,0.25307986,27.61044,1.0568238,26.032227,1.05067,0.071461,41.42112,133.64,-22.287
2014-11-15,5.0803818919956925,10.528018991124217,15.608400883119906,8.826417325989693,30.154213166666665,0.008477759441241597,23.103919057087893,10.200000000000001,120.23626521497222,8.355130228027898,94.91683273541018,278.17463847559986,396.71532097222223,363.66360811636844,33.8890752023987,6.5,61.803383,44.026176,395.964,546.04175,51.021667,21.416298,20,11.0,0.18941824,0.90863264,44.58354,11.204996,1.7097989,0.04387157,0.71893096,0.20960808,9.77839,0.3343599,261.3174,0.83537376,10.081953,0.18426293,25.611418,0.33299935,27.54538,1.0159554,29.60537,1.0797534,0.071461,40.496304,133.64,-22.287
2014-12-15,21.655744441380236,22.784199161270635,44.43994360265087,60.110570928151425,28.66674300403226,0.06258113519053356,43.537252541374905,163.40000000000003,163.54694594349462,55.0654483383036,74.34641354766924,296.2556514222828,404.0446907930107,401.5040960558549,22.78296799602487,6.5,61.803383,44.026176,395.892,546.04175,41.935303,12.446928,20,12.0,0.21401125,0.98814845,44.58354,11.204996,1.7097989,0.04387157,0.71893096,0.20960808,106.719894,2.4445999,306.25146,0.9760889,116.80185,1.3011626,132.33131,1.1906044,26.404137,0.9389618,29.488375,1.0120654,0.071461,32.0535,133.64,-22.287
2015-01-15,-31.17669855293154,83.61303958425675,52.43634103132521,82.64373498126301,27.090929711021506,0.060127094666666665,50.137676455412404,190.0,153.8914750160753,75.70738804884517,50.88478754191754,262.62879374015074,405.44030154569884,407.2716627270467,18.30729604768426,6.5,61.803383,40.206303,395.925,546.04175,42.41397,15.00313,20,1.0,0.32384115,1.5011541,47.665413,11.383237,1.7097989,0.017574124,0.7559675,0.1654014,177.12456,3.029671,390.20502,1.2559211,293.62283,2.240835,293.9264,1.8270475,24.59532,0.88071895,27.410841,0.91458863,0.07863114,24.36109,133.64,-22.287
2015-02-15,-23.595943795576634,68.83563889023195,45.239695094655325,60.72168176465767,30.45187694940476,0.006819249238307214,25.09785070161121,0.0,161.89595154940474,61.58511837705195,75.8017564710726,323.21038665296146,395.26974940476185,392.82175991856207,33.59468012316888,6.5,61.803383,40.206303,396.069,546.04175,44.365448,14.39287,20,2.0,0.31815445,1.3356416,47.665413,11.383237,1.7097989,0.017574124,0.7559675,0.1654014,1.1576144,0.018880034,346.79868,1.1141125,285.00208,1.7539219,295.084,1.3536278,28.086233,1.0774139,29.972578,1.029726,0.07863114,40.788944,133.64,-22.287
2015-03-15,-5.021332745594438,48.15181197047217,43.13047922487773,33.486402945252536,28.576705472294268,0.003804926850730834,20.228870944612968,1.6,130.88737554998534,30.67586554154407,87.5062496254558,299.7669107120084,377.42130194808544,388.48290738172426,32.01571035504452,6.5,61.803383,40.206303,396.189,546.04175,42.153503,13.955526,20,3.0,0.2714722,1.085797,47.665413,11.383237,1.7097989,0.017574124,0.7559675,0.1654014,3.5304036,0.10193873,346.84927,1.10906,181.81258,1.1774656,298.6144,1.2242187,25.603138,1.0570422,28.197977,1.057223,0.07863114,38.763664,133.64,-22.287
2015-04-15,8.61161819109231,26.62380976594511,35.23542795703742,19.74898533402597,20.59565342986111,0.021527111130101532,32.29592253681368,19.8,89.17836736972222,18.694487043042486,74.22408308950526,233.05185452020515,336.87507479166663,389.5986270536701,16.666292848693175,6.5,61.803383,40.206303,396.497,546.04175,35.97528,14.989141,20,4.0,0.24836953,0.98575145,47.665413,11.383237,1.7097989,0.017574124,0.7559675,0.1654014,10.364766,0.5197807,325.50604,1.0374306,15.052784,0.12989141,308.67563,1.2501028,21.003645,0.98793197,20.98614,0.9350059,0.07863114,23.099861,133.64,-22.287
2015-05-15,6.909345072208369,18.577720136428685,25.487065208637055,7.501730693591083,17.618751353494623,0.017608944899193547,33.30758657076662,0.0,74.12329313024193,6.872105148519668,67.8269804066662,212.80484883975495,315.8533344086021,387.5281384698427,13.587212018473004,6.5,61.803383,40.206303,396.935,546.04175,29.307037,11.903824,20,5.0,0.23933662,0.9589325,47.665413,11.383237,1.7097989,0.017574124,0.7559675,0.1654014,0.0,0.0,324.50867,1.0344026,13.89517,0.18928301,298.89725,1.267031,17.963024,1.0364281,17.403214,0.9807552,0.07863114,18.493523,133.64,-22.287
2015-06-15,7.575713800025793,18.352312400514748,25.928026200540536,9.347026783632634,15.201480830555557,0.0360553768412977,49.361333527740335,11.399999999999999,62.288632604441894,8.847941711543607,54.11477901416122,185.7656410293998,309.07533090043563,390.3137767708791,8.821945546988637,6.5,61.803383,40.206303,397.253,546.04175,23.861877,8.17636,20,6.0,0.24031802,0.96093506,47.665413,11.383237,1.7097989,0.017574124,0.7559675,0.1654014,11.957022,1.269277,336.4657,1.0728283,22.321789,0.46313423,204.13435,1.0075368,15.8674135,1.0023307,15.685517,1.0984666,0.07863114,12.917952,133.64,-22.287
2015-07-15,4.666671896492085,11.004591461443026,15.67126335793511,4.8095872217659,13.386025656411972,0.022900315745967743,35.52530425148556,0.0,69.15083912661291,4.405915175972526,64.60974415351447,206.15384267540693,291.556077688172,389.8464779980119,9.969369669600649,6.5,61.803383,40.206303,397.739,546.04175,23.144531,9.600827,20,7.0,0.22157268,0.92963433,47.665413,11.383237,1.7097989,0.017574124,0.7559675,0.1654014,0.0,0.0,320.93622,1.0234017,11.957022,0.32461077,27.009806,0.17685556,17.305449,1.0148826,13.543704,0.97100335,0.07863114,14.142836,133.64,-22.287
2015-08-15,5.4289253456536954,6.552998466031619,11.981923811685315,4.460657183361064,16.588478506170112,0.015405614336500964,30.869141753062152,0.4,86.2142832766813,4.086271081651249,74.66229562732762,234.0975236757203,308.39532000736796,389.99151198404667,13.179354348829136,6.5,61.803383,40.206303,398.333,546.04175,29.638245,13.296154,20,8.0,0.20910563,0.94057715,47.665413,11.383237,1.7097989,0.017574124,0.7559675,0.1654014,1.9996914,0.47639176,322.9359,1.0297676,13.956713,0.62878597,27.851883,0.29132006,20.068083,0.9966384,16.34209,0.9973079,0.07863114,18.56409,133.64,-22.287
2015-09-15,10.03564076496857,2.9712203317320074,13.006861096700579,4.182911539801038,19.93602623402778,0.008737153427508072,20.586591496263917,0.0,110.97757306414586,3.9595647199289448,97.5129283184526,291.9550658478226,314.233318125,390.21258226945105,18.752303314113785,6.5,61.803383,40.206303,398.528,546.04175,36.10968,16.751276,20,9.0,0.20194916,0.9236749,47.665413,11.383237,1.7097989,0.017574124,0.7559675,0.1654014,0.0,0.0,322.9359,1.0301028,1.9996914,0.09353511,24.32148,0.3495657,24.2437,1.0225968,19.358404,0.9091694,0.07863114,25.522057,133.64,-22.287
2015-10-15,13.299334429302446,3.1339161300982052,16.433250559400655,4.884561660734877,27.737769086021505,0.003191928514202285,15.920403850156195,0.4,116.79683900356183,4.474596957429471,102.77291381169942,298.9773708135488,362.9127534946237,391.2539049467139,32.093905100455,6.5,61.803383,40.206303,398.573,546.04175,46.479156,19.648258,20,10.0,0.19693422,0.9227391,47.665413,11.383237,1.7097989,0.017574124,0.7559675,0.1654014,0.0,0.0,322.63235,1.0293841,1.9996914,0.06740344,13.956713,0.20986767,27.362766,1.0473439,26.830898,1.0829047,0.07863114,42.673367,133.64,-22.287
2015-11-15,13.606167983900809,16.332564445682124,29.938732429582934,28.803516748414726,30.05757317361111,0.02361014307742021,20.708721629523442,39.999999,140.30767738861113,27.26555119363826,93.14581989506806,316.90473410255,383.93384118055553,397.4074190559528,34.74589935275192,6.5,61.803383,40.206303,398.7,546.04175,49.82013,20.192192,20,11.0,0.20108527,0.96459895,47.665413,11.383237,1.7097989,0.017574124,0.7559675,0.1654014,18.690308,0.6390919,331.54428,1.0598735,18.690308,0.34159362,32.64702,0.42447615,27.908419,1.0293455,29.627937,1.0805764,0.07863114,44.727844,133.64,-22.287
2015-12-15,19.080121928825015,19.343216776136554,38.423338704961566,41.78331596475232,28.187463205645166,0.03549408227426024,45.97325960306618,102.19999899999999,146.13619369643817,38.27641280283613,91.891040447768,272.561066831176,407.7631097446237,398.738431246067,21.185242429577173,6.5,61.803383,40.206303,398.733,546.04175,46.904144,17.841955,20,12.0,0.19386348,0.8951207,47.665413,11.383237,1.7097989,0.017574124,0.7559675,0.1654014,97.55132,2.2345781,322.37567,1.0274802,116.24163,1.2949219,118.24132,1.0638347,25.58464,0.90981954,29.06219,0.99743843,0.07863114,28.930582,133.64,-22.287
2016-01-15,-20.05696858104791,71.97174279065231,51.91477420960441,66.26727526774509,29.379660315860217,0.0393947441961535,40.626664319641414,40.2,165.04759816579303,60.70541614282383,73.37822986186133,300.5349514205487,406.88579717741936,398.7536770777291,24.994630581031295,6.5,61.803383,40.90209,398.848,546.04175,44.84494,15.550447,20,1.0,0.23855402,1.1058086,45.09978,14.226271,1.7097989,0.073270425,0.8434388,0.07335962,35.711403,0.61083454,180.96252,0.5824494,151.95303,1.1596566,153.95273,0.9569707,27.166473,0.97278786,29.294493,0.97743845,0.08320156,32.182755,133.64,-22.287
2016-02-15,8.130724713718568,30.256884111578696,38.387608825297264,36.851477378963054,30.084174145114943,0.026053334290670114,32.01679787689892,27.800000000000004,156.54134777945401,36.086679796066306,99.21603849610086,312.71489657853414,396.10885639367814,398.96041133830437,29.837458626097444,6.5,61.803383,40.90209,399.135,546.04175,47.028656,16.959135,20,2.0,0.2330409,0.97832716,45.09978,14.226271,1.7097989,0.073270425,0.8434388,0.07335962,17.922283,0.29230228,197.72719,0.63521105,151.18501,0.9304027,169.87532,0.77926266,27.342531,1.0488847,30.06952,1.0330565,0.08320156,39.926857,133.64,-22.287
2016-03-15,-1.3537578498528342,38.40942787781189,37.05567002795905,43.50550424309546,28.94569130376344,0.027974158750076316,38.45836911598134,55.400000000000006,136.39930297834408,39.85405660501009,82.68164155704078,271.3008654640293,399.40670940860224,398.81476465877415,25.248168361351002,6.5,61.803383,40.90209,399.386,546.04175,42.415985,13.256884,20,3.0,0.23841812,0.9535919,45.09978,14.226271,1.7097989,0.073270425,0.8434388,0.07335962,21.22508,0.61286414,215.42188,0.6888173,74.858765,0.48480487,191.1004,0.78344744,24.53356,1.012884,29.159101,1.0932583,0.08320156,32.516026,133.64,-22.287
2016-04-15,8.177947321401005,16.362016249944674,24.53996357134568,9.206744169081087,25.325774790493288,0.013455734613823796,23.73007722516553,0.2,97.13341242487287,8.71514949585546,78.91316679455447,250.82989714039851,352.0907208975198,397.5807668091429,25.163333159248815,6.5,61.803383,40.90209,399.734,546.04175,38.62494,13.84058,20,4.0,0.22318603,0.8858009,45.09978,14.226271,1.7097989,0.073270425,0.8434388,0.07335962,0.0,0.0,205.0571,0.65354395,39.14736,0.33780503,191.1004,0.77393585,22.659,1.0657936,24.784359,1.1042298,0.08320156,33.17592,133.64,-22.287
2016-05-15,8.858215383977614,16.32181715780198,25.180032541779592,19.906459821345628,20.0752246827957,0.03929826505981183,48.11131954783097,44.400000000000006,68.76892064650538,18.235696616507475,47.519309008081315,171.75451984143825,348.3017795698925,399.1409143213808,12.360954960772764,6.5,61.803383,40.90209,400.24,546.04175,30.129639,9.837191,20,5.0,0.23704138,0.94973636,45.09978,14.226271,1.7097989,0.073270425,0.8434388,0.07335962,32.458477,1.7231926,237.51558,0.7571038,53.683556,0.731289,204.86858,0.8684417,16.659824,0.96123624,20.292448,1.1435775,0.08320156,17.705818,133.64,-22.287
2016-06-15,7.804780423368777,18.294805585446596,26.099586008815372,18.84350658993433,16.310837233333334,0.04229091125288429,58.52034097409208,9.2,71.95716786479167,17.837356392385367,47.7806944827104,170.2014333849664,329.2790627083333,398.8126498621007,7.766986853536287,6.5,61.803383,40.90209,400.786,546.04175,22.250519,5.3968906,20,6.0,0.2509593,1.0034853,45.09978,14.226271,1.7097989,0.073270425,0.8434388,0.07335962,11.2890415,1.1983688,236.84763,0.7551938,43.74752,0.907677,118.606285,0.5853997,15.013412,0.94838417,16.853628,1.1802702,0.08320156,11.156778,133.64,-22.287
2016-07-15,3.08014352559141,13.414042705423963,16.494186231015377,12.357790787600809,15.11267589294355,0.03573648388729498,46.23556116346741,19.8,72.069966370625,11.320592695809943,54.788387769227285,181.30663557689616,315.055054905914,397.7066965184233,9.312330518645458,6.5,61.803383,40.90209,401.305,546.04175,23.67923,8.690698,20,7.0,0.22999969,0.96499085,45.09978,14.226271,1.7097989,0.073270425,0.8434388,0.07335962,6.0251484,0.7023656,242.87277,0.7744729,49.772667,1.3512348,88.92002,0.582233,16.815397,0.9861434,14.988532,1.074589,0.08320156,13.601466,133.64,-22.287
2016-08-15,7.151117872309145,3.207518103562413,10.358635975871557,7.609067481505926,17.128917965725808,0.02098254242607527,37.55262163361874,3.8,92.32681937788979,6.970433084163284,74.09800294583422,221.98834668699917,319.04929939516126,399.4206960034486,12.327808849640652,6.5,61.803383,40.90209,401.613,546.04175,28.553772,11.819527,20,8.0,0.20801249,0.9356601,45.09978,14.226271,1.7097989,0.073270425,0.8434388,0.07335962,2.9191165,0.69542885,243.79219,0.7773967,20.233307,0.91156274,73.916855,0.77314204,19.72858,0.97977775,16.734245,1.0212399,0.08320156,16.691067,133.64,-22.287
2016-09-15,8.124167329302995,24.125968268028366,32.250135597331365,35.26872195627533,19.726767765277778,0.059119100854166676,50.23749803271085,98.59999800000001,119.41962762405556,33.38554637033841,68.08072060464829,238.24847805302392,345.4433135018341,403.93907869789916,11.596197215635115,6.5,61.803383,40.90209,401.768,546.04175,31.687775,11.371271,20,9.0,0.21034198,0.9620619,45.09978,14.226271,1.7097989,0.073270425,0.8434388,0.07335962,69.796364,8.11293,313.58856,1.0002866,78.74063,3.6830752,122.488144,1.7604873,21.443409,0.9044809,20.316504,0.95416665,0.08320156,16.810587,133.64,-22.287
2016-10-15,-19.840797263542644,44.67569362985843,24.834896366315785,38.31040108701382,22.614933588709675,0.025151926241263438,28.546432194595454,9.200000000000001,144.14825769630377,35.09498211883853,85.50624883933357,305.17910501443214,339.43102016129035,386.6870298189414,19.954621179892758,6.5,61.803383,40.90209,401.798,546.04175,40.175842,17.654596,20,10.0,0.23951869,1.1222694,45.09978,14.226271,1.7097989,0.073270425,0.8434388,0.07335962,2.2788203,0.13510671,315.86737,1.0077999,74.9943,2.527827,124.76697,1.8761262,26.805567,1.0260164,22.521246,0.9089656,0.08320156,29.545877,133.64,-22.287
2016-11-15,-4.89024150897243,38.651443184738845,33.761201675766415,33.76614971236388,27.36935763888889,0.02578143482826389,27.440848760941698,34.0,158.99952840084723,31.963204064141973,101.56425772379927,320.91571765322254,373.25738270833335,345.03605096750454,27.090610816915916,6.5,61.803383,40.90209,401.532,546.04175,46.49643,19.115707,20,11.0,0.21924518,1.0517114,45.09978,14.226271,1.7097989,0.073270425,0.8434388,0.07335962,14.412864,0.49283,311.58994,0.99608386,86.48805,1.5806999,106.72136,1.3875898,27.628935,1.0190372,27.380722,0.99861705,0.08320156,38.46321,133.64,-22.287
2016-12-15,3.333896224378023,44.42277582105969,47.75667204543771,54.06720044847145,27.61416136424731,0.062452765926075265,53.90954146377628,331.999999,148.55546003219087,49.52930220294562,71.8019053292854,251.79938185668541,412.99598979585636,401.6270128567325,17.463161054880665,6.5,61.803383,40.90209,401.333,546.04175,46.537354,17.815002,20,12.0,0.22690196,1.0476683,45.09978,14.226271,1.7097989,0.073270425,0.8434388,0.07335962,259.34802,5.9408054,473.3866,1.5087843,276.0397,3.0750587,354.78033,3.1920114,24.708832,0.8786748,28.722351,0.9857749,0.08320156,25.846592,133.64,-22.287
2017-01-15,-28.186023965471556,92.4544585157227,64.26843455025114,101.21286188021224,28.570121639784947,0.0719482258467742,60.38603382651938,217.399999,197.74890451666664,92.71799503781689,56.62183786707418,300.35007158811044,420.39849018817205,404.40828397212937,15.892610252626213,6.5,61.803383,29.095648,401.311,546.04175,37.039703,7.868059,20,1.0,0.3621658,1.6788067,50.588196,17.4078,1.7097989,0.0415484,0.67687696,0.2110212,166.76422,2.85246,604.43945,1.9454601,440.52512,3.361946,515.5194,3.2044704,23.770945,0.85119945,29.171644,0.9733395,0.11210182,22.160023,133.64,-22.287
2017-02-15,-43.30175436748971,94.8766158789478,51.574861511458096,84.27917141970666,28.17183986607143,0.02933510407068452,41.403834868626916,13.0,179.08952516556548,85.47758556357154,61.564504871195595,321.56183490542446,389.6295508928572,404.3989619147105,22.955577425224433,6.5,61.803383,29.095648,401.306,546.04175,40.05005,11.598227,20,2.0,0.37040153,1.5549797,50.588196,17.4078,1.7097989,0.0415484,0.67687696,0.2110212,9.729243,0.15867844,596.2464,1.9154791,435.8415,2.6821978,522.3295,2.3960626,27.360933,1.0495907,28.451822,0.9774795,0.11210182,31.863354,133.64,-22.287
2017-03-15,-31.972383348105296,83.0756809550586,51.10329760695329,60.10694415490937,28.683590228494623,0.01335182756518817,28.215783975412744,3.4000000000000004,137.64939274063173,55.062125962696236,61.219109807792904,282.453614778399,386.2059022446227,411.99035559356355,28.994340908035003,6.5,61.803383,29.095648,401.409,546.04175,41.092712,12.153049,20,3.0,0.33944276,1.3576562,50.588196,17.4078,1.7097989,0.0415484,0.67687696,0.2110212,0.0,0.0,575.0213,1.8386463,176.49347,1.1430176,452.53317,1.855234,25.85161,1.0673006,28.939663,1.0850309,0.11210182,39.09584,133.64,-22.287
2017-04-15,-20.329158626480286,57.40956399287449,37.0804053663942,28.09302578620802,22.663199429861113,0.015073550500694446,29.310504288402456,0.0,105.482346370625,26.592996940216054,71.2880647361277,250.75440627257393,347.7866398611111,400.2895661107929,19.800449061405427,6.5,61.803383,29.095648,401.664,546.04175,33.53592,10.974253,20,4.0,0.32267523,1.2806627,50.588196,17.4078,1.7097989,0.0415484,0.67687696,0.2110212,0.0,0.0,575.0213,1.8326685,9.729243,0.08395425,450.25436,1.8234812,22.163313,1.0424783,22.561666,1.0052011,0.11210182,27.209774,133.64,-22.287
2017-05-15,-12.07316318590263,39.5998128944981,27.526649708595468,13.5092890449598,18.77304659341398,0.01845724926747312,33.771955302986086,0.0,80.58314966875,12.37544489273946,63.30055882985991,217.03895339739205,322.2024165994624,399.66858853140724,14.526347889058965,6.5,61.803383,29.095648,401.903,546.04175,29.61734,10.983679,20,5.0,0.3081601,1.2346826,50.588196,17.4078,1.7097989,0.0415484,0.67687696,0.2110212,0.0,0.0,542.56287,1.7294714,0.0,0.0,435.8415,1.8475403,18.667791,1.0770916,18.633661,1.0500969,0.11210182,21.28253,133.64,-22.287
2017-06-15,-0.6815711955641568,20.90058388348701,20.219012687922852,6.783466189320621,13.739545283333332,0.021167323374999998,39.71762407359725,0.0,64.90550064423611,6.421262593409366,56.45371249487964,196.52020761433613,294.5546925,397.131940893059,9.541305803885281,6.5,61.803383,29.095648,402.207,546.04175,24.161987,9.866635,20,6.0,0.2925416,1.1697562,50.588196,17.4078,1.7097989,0.0415484,0.67687696,0.2110212,0.0,0.0,531.2738,1.6939782,0.0,0.0,176.49347,0.87111086,16.702915,1.0551085,14.295352,1.0011126,0.11210182,14.818119,133.64,-22.287
2017-07-15,6.5434186845755535,22.04375878659816,28.587177471173717,13.640052827742124,16.003967780913978,0.0428248063172043,42.52460178688237,16.8,76.04489609663977,12.495233579057674,52.73367161619919,195.51963013840412,315.2816141260206,402.2812511026174,10.550073977352099,6.5,61.803383,29.095648,402.837,546.04175,24.822205,8.597744,20,7.0,0.27756846,1.1645713,50.588196,17.4078,1.7097989,0.0415484,0.67687696,0.2110212,24.093779,2.808668,549.3424,1.7517436,24.093779,0.654101,33.82302,0.22146733,17.56131,1.0298877,16.22446,1.1631978,0.11210182,15.999944,133.64,-22.287
2017-08-15,4.970393779983716,15.388342353374602,20.358736133358317,8.586832729922461,17.225959837329555,0.020980528853642915,28.62531840712844,0.0,94.88556785724285,7.866133806055014,76.56607649591605,245.15536217990925,307.2746013958966,399.67104128140215,14.17849547125215,6.5,61.803383,29.095648,403.399,546.04175,28.043793,10.766817,20,8.0,0.24727106,1.1122489,50.588196,17.4078,1.7097989,0.0415484,0.67687696,0.2110212,0.0,0.0,546.4233,1.7424169,24.093779,1.085487,24.093779,0.25201172,20.913301,1.0386144,17.276976,1.0543611,0.11210182,21.246626,133.64,-22.287
2017-09-15,10.266967457135475,9.177413092087768,19.444380549223244,7.648943389449682,21.742294836805556,0.012581794556944444,19.9214191665758,1.6,110.84754496680556,7.240527585013016,85.90004611416255,276.79246724444135,329.9287477083334,397.8227642417483,21.181077462198118,6.5,61.803383,29.095648,403.611,546.04175,37.382996,16.100555,20,9.0,0.22601984,1.0337694,50.588196,17.4078,1.7097989,0.0415484,0.67687696,0.2110212,1.6802484,0.19530728,478.3072,1.525707,25.774027,1.2055743,25.774027,0.37044278,24.907145,1.0505809,21.28244,0.9995319,0.11210182,30.515001,133.64,-22.287
2017-10-15,19.73968097267303,8.361424346867402,28.10110531954043,20.23180113474772,25.237265970430105,0.02129272181375389,31.177098888869658,20.8,131.45481740873655,18.533731804143148,96.52186653858291,286.0164676253412,362.1739637718473,393.5234456843723,22.5842107396785,6.5,61.803383,29.095648,403.737,546.04175,43.215515,17.574797,20,10.0,0.2102515,0.9851374,50.588196,17.4078,1.7097989,0.0415484,0.67687696,0.2110212,19.850763,1.1769122,495.87915,1.5821418,21.531012,0.7257441,45.62479,0.68606186,25.857601,0.98973185,25.640718,1.0348686,0.11210182,32.206394,133.64,-22.287
2017-11-15,19.03166150718294,23.538459815170405,42.570121322353344,37.63268629962681,26.819276402777778,0.039962141047222226,36.78309049483577,48.800000000000004,155.463308455,35.623286691652915,94.19768554571114,295.09210141452957,383.1709488754919,398.8676706199631,22.833581126752378,6.5,61.803383,29.095648,403.847,546.04175,44.245422,17.18277,20,11.0,0.20655096,0.9908176,50.588196,17.4078,1.7097989,0.0415484,0.67687696,0.2110212,57.92643,1.9807224,539.3927,1.7243186,79.45744,1.452205,103.55122,1.3463718,26.125195,0.9635748,27.062653,0.98701656,0.11210182,31.054878,133.64,-22.287
2017-12-15,14.348367971930983,18.80371374282347,33.15208171475445,24.737992997209005,29.690888595430113,0.02303153449932796,29.93352464425095,22.199999,160.16785975819894,22.66171580718041,114.64437043865327,309.35945995274375,397.7098606182795,400.3508068195648,30.045126193567665,6.5,61.803383,29.095648,403.856,546.04175,46.826416,16.911152,20,12.0,0.21411844,0.98864335,50.588196,17.4078,1.7097989,0.0415484,0.67687696,0.2110212,39.93091,0.914685,319.97562,1.0198307,117.7081,1.3112582,143.48213,1.29093,28.232777,1.0039904,29.915264,1.0267167,0.11210182,39.02217,133.64,-22.287
2018-01-15,23.648262335544864,5.458718953990544,29.10698128953541,24.661439499521652,30.610495141129036,0.027939637340725805,34.586708124482485,20.0,164.58097838454302,22.5915874985164,120.37151802420956,312.267224590357,407.5496247430033,399.32217191954265,29.61399773472889,6.5,61.803383,51.51568,403.9,546.04175,46.2959,15.631601,20,1.0,0.20614785,0.955591,38.161015,10.2849655,1.7097989,0.056746494,0.87908536,0.011464156,49.8842,0.8532567,203.09557,0.6536872,147.74155,1.1275159,169.27255,1.0521988,28.243256,1.0113457,30.664297,1.0231433,0.10945049,36.38782,133.64,-22.287
2018-02-15,19.34591569069482,2.855672438619452,22.20158812931427,22.606702693880326,30.97254508184524,0.02372595889657738,31.318342430753514,21.4,146.00772365736606,22.928160437212618,103.1317853180753,283.2065933507508,413.5553903932291,403.7563880055793,31.762241020636452,6.5,61.803383,51.51568,403.956,546.04175,45.101227,14.224581,20,2.0,0.20618348,0.8655772,38.161015,10.2849655,1.7097989,0.056746494,0.87908536,0.011464156,6.5420556,0.10669722,199.90839,0.64221823,96.35716,0.59298843,175.8146,0.8065077,26.75319,1.0262771,30.876646,1.0607858,0.10945049,37.295647,133.64,-22.287
2018-03-15,27.814925637287907,0.0,20.637801620000605,18.823260498280522,27.927956451612904,0.016456947083046784,30.936540194969712,17.2,131.07268360665321,17.243410976172747,101.42997134990183,281.9249296797083,379.66558777909125,402.96271040821193,26.664270152281222,6.5,61.803383,51.51568,404.032,546.04175,43.42975,15.890423,20,3.0,0.21506059,0.86016965,38.161015,10.2849655,1.7097989,0.056746494,0.87908536,0.011464156,26.700262,0.7709574,226.60864,0.7245873,83.12652,0.538349,200.83461,0.8233544,24.458467,1.0097837,27.539326,1.0325282,0.10945049,33.888805,133.64,-22.287
2018-04-15,17.362327697342625,0.0,15.84933913073534,10.927025015711203,25.87033125,0.019109092249305556,25.11894568247913,12.8,101.37326814298612,10.343575840489587,83.44263431886358,246.8887996537758,361.9228360420397,402.2013314581416,25.53708040467738,6.5,61.803383,51.51568,404.286,546.04175,41.042236,15.728378,20,4.0,0.21525988,0.8543429,38.161015,10.2849655,1.7097989,0.056746494,0.87908536,0.011464156,1.8219641,0.09136933,228.4306,0.72803843,35.06428,0.3025719,182.80582,0.7403437,22.278742,1.0479077,25.313858,1.1278208,0.10945049,33.225266,133.64,-22.287
2018-05-15,12.239402014587016,0.0,6.045336808167117,2.9513577188269395,17.661701551075268,0.016796562251344085,30.339680039592466,0.0,75.32547235685483,2.7036481850783223,71.0056564356062,214.33016126133026,311.3252489861112,401.2867445485565,14.231048144103921,6.5,61.803383,51.51568,404.532,546.04175,29.705292,12.35199,20,5.0,0.2129085,0.8530449,38.161015,10.2849655,1.7097989,0.056746494,0.87908536,0.011464156,0.021825481,0.001158696,228.45242,0.72821414,28.544052,0.38883325,124.901215,0.5294586,18.165943,1.0481361,17.353302,0.9779424,0.10945049,19.384052,133.64,-22.287
2018-06-15,5.98760142214972,0.0,3.9618630875546312,2.9337525104458724,14.733796146527776,0.018840109986111114,32.111707799282485,1.0,67.64542625347221,2.777104614054781,62.543210056575795,198.75085436075784,296.1919030434435,401.8172980454145,11.470813042487102,6.5,61.803383,51.51568,404.807,546.04175,25.154205,10.846739,20,6.0,0.21550922,0.8617347,38.161015,10.2849655,1.7097989,0.056746494,0.87908536,0.011464156,0.0,0.0,228.45242,0.72842556,1.8437896,0.03825509,84.97031,0.4193841,16.795256,1.0609417,14.3074665,1.0019609,0.10945049,16.024405,133.64,-22.287
2018-07-15,5.37852883214625,0.0,3.549598438495301,1.5896320797106904,15.455123940860215,0.018095335315860217,26.31198666064188,0.0,73.07214055174731,1.4562131387313881,66.18568081111222,210.30808682553166,293.8499810907052,402.9172228957805,13.051628650696907,6.5,61.803383,51.51568,405.308,546.04175,26.673431,11.908081,20,7.0,0.21356162,0.896023,38.161015,10.2849655,1.7097989,0.056746494,0.87908536,0.011464156,0.0,0.0,204.35864,0.651659,0.021825481,0.000592521,35.086105,0.22973779,18.286625,1.0724239,14.76535,1.0585881,0.10945049,18.012383,133.64,-22.287
2018-08-15,8.561929155258852,0.0,3.6795281526464803,2.043809026998804,16.40235541465054,0.015295302004704301,21.323232789374018,0.0,93.57141088239248,1.8722706946849856,81.0836220122281,250.16316498935942,294.99061902328543,402.4343895121058,14.81965958518736,6.5,61.803383,51.51568,405.782,546.04175,30.34195,14.912831,20,8.0,0.20599702,0.9265943,38.161015,10.2849655,1.7097989,0.056746494,0.87908536,0.011464156,0.59912145,0.1427303,204.95776,0.65356266,0.59912145,0.026991969,29.143173,0.30482644,20.915068,1.0387021,15.429118,0.941592,0.10945049,20.248537,133.64,-22.287
2018-09-15,12.479677119104377,0.0,7.482947001443387,2.289968615001163,21.601780068055557,0.009515829661470568,17.67491949173909,0.0,110.89920845555555,2.1676955994470886,96.61624987143118,278.34508317806024,326.85507434841054,399.8698661979016,21.585026878532794,6.5,61.803383,51.51568,405.993,546.04175,38.007324,17.238283,20,9.0,0.19977967,0.9137521,38.161015,10.2849655,1.7097989,0.056746494,0.87908536,0.011464156,0.022924747,0.0026647071,203.30043,0.6484889,0.6220462,0.029096069,2.4658358,0.035440758,24.396776,1.0290537,20.769041,0.9754201,0.10945049,28.296934,133.64,-22.287
2018-10-15,14.755340115752368,0.0,11.130752641232506,7.862959518718805,27.793507694892472,0.006990923007948997,22.886544815423143,5.2,124.18181711048388,7.2030157837247835,96.1004110691253,277.77367362334286,378.9033314564551,401.96758151982976,29.533389688342453,6.5,61.803383,51.51568,406.039,546.04175,46.29825,19.148294,20,10.0,0.19956188,0.935051,38.161015,10.2849655,1.7097989,0.056746494,0.87908536,0.011464156,6.0333605,0.35770592,189.48303,0.6045607,6.6554065,0.22433327,6.6772323,0.10040582,26.44515,1.012221,27.149954,1.0957819,0.10945049,37.467903,133.64,-22.287
2018-11-15,16.654786292846566,0.0,13.331330507750554,9.19037820002631,28.49552531944444,0.009038041680717332,31.708230622391238,8.8,133.82119558118055,8.699657388728609,105.67617508331386,280.15652676735925,393.5125199774985,402.1188528101178,27.276144634573377,6.5,61.803383,51.51568,405.967,546.04175,47.008453,18.901112,20,11.0,0.1924883,0.9233596,38.161015,10.2849655,1.7097989,0.056746494,0.87908536,0.011464156,24.574009,0.8402778,156.13063,0.49911496,30.630295,0.55981493,31.229416,0.40604448,26.672766,0.9837709,28.107342,1.025118,0.10945049,34.791775,133.64,-22.287
2018-12-15,17.062297644127284,0.0,13.180099206494777,3.747209438707383,32.653552318548385,0.005449864037032717,17.714697380864575,1.2000000000000002,156.54199722305108,3.4327035091145586,134.2374962634823,343.97359209146066,398.65550751068366,403.4872417693472,41.9763207853806,6.5,61.803383,51.51568,405.893,546.04175,53.937195,21.923164,20,12.0,0.1889227,0.8723078,38.161015,10.2849655,1.7097989,0.056746494,0.87908536,0.011464156,1.2865831,0.029471362,117.486305,0.37445396,31.893951,0.3552959,32.516,0.29255128,30.23473,1.0751822,32.01403,1.0987481,0.10945049,50.861263,133.64,-22.287
2019-01-15,19.05690363718622,0.0,13.594153265969176,7.43312814798662,34.0810284811828,0.004571534786777626,19.672738019016688,6.6000000000000005,150.71080899540323,6.809260462925616,126.54759258086962,327.69654565545983,412.99558795153587,402.2543560562767,44.50038453869479,6.5,61.803383,51.15777,405.872,546.04175,51.767395,17.969452,20,1.0,0.1852732,0.8588273,38.231518,10.699403,1.7097989,0.076893665,0.90798694,0.016667664,3.1840441,0.054462273,70.78615,0.22783361,29.044636,0.22165932,35.700043,0.22191158,29.514671,1.0568731,33.797943,1.1277003,0.075345375,52.474407,133.64,-22.287
2019-02-15,14.90212945545671,0.0,12.798374016949644,0.8451799493784153,31.14942951636905,0.003820285206036044,18.709245203201462,0.0,139.3649227181548,0.8571980505104497,129.67879286603468,326.93113280273246,386.7232329235912,394.12815622404753,37.985472231270464,6.5,61.803383,51.15777,405.812,546.04175,49.724335,19.038622,20,2.0,0.19140725,0.80354524,38.231518,10.699403,1.7097989,0.076893665,0.90798694,0.016667664,0.0,0.0,64.244095,0.20638819,4.4706273,0.02751254,35.10092,0.16101713,28.668308,1.0997428,30.685713,1.0542262,0.075345375,44.471954,133.64,-22.287
2019-03-15,16.856994223241294,0.0,10.728956939384666,2.1385445232727127,29.66341620967742,0.0044127559730371005,22.19309787009296,2.4000000000000004,120.70765842940861,1.959054973977721,111.76623054807334,292.19526378137954,382.5995438621458,398.8916684182512,33.31007666663481,6.5,61.803383,51.15777,405.948,546.04175,47.250793,17.841858,20,3.0,0.19589177,0.78350085,38.231518,10.699403,1.7097989,0.076893665,0.90798694,0.016667664,2.581096,0.07452792,40.124928,0.12830055,5.76514,0.03733655,37.659092,0.15438962,25.37592,1.0476613,29.408936,1.1026253,0.075345375,41.072075,133.64,-22.287
2019-04-15,12.998843224015818,0.0,5.043225597344438,0.3114180438586721,23.85185263888889,0.006553522535527363,28.445600156998864,0.0,92.56871767333331,0.29478985818350245,89.05075856700573,247.0595421615991,350.8605923623094,397.9416343156402,21.57013629887071,6.5,61.803383,51.15777,406.352,546.04175,38.4946,14.9603615,20,4.0,0.19574927,0.7769074,38.231518,10.699403,1.7097989,0.076893665,0.90798694,0.016667664,0.0,0.0,38.302967,0.1220766,2.581096,0.022272438,31.625732,0.12808077,21.710075,1.0211598,23.534237,1.0485326,0.075345375,26.823763,133.64,-22.287
2019-05-15,10.632528607191347,0.0,3.575357929135848,6.328580024293613,18.509236608870967,0.015837748411962366,40.970588643021415,8.4,75.09450941861559,5.797417841848421,68.27073159625077,207.76019817740456,324.33830185346216,400.6237195162655,12.731454197099932,6.5,61.803383,51.15777,406.862,546.04175,28.7677,10.479395,20,5.0,0.20249715,0.81133056,38.231518,10.699403,1.7097989,0.076893665,0.90798694,0.016667664,23.801807,1.2636174,62.082947,0.19789538,26.382904,0.35939363,30.85353,0.1307887,17.091354,0.9861346,18.288305,1.0306344,0.075345375,16.190548,133.64,-22.287
2019-06-15,8.040712737492612,0.0,1.5472517677753679,3.1246177916211266,14.549463847916668,0.01737640029861111,37.494728961831676,2.4,65.98234018170139,2.957778631759875,61.43608611037734,196.96043339445654,299.4056841425065,400.11884373706863,10.434432540847261,6.5,61.803383,51.15777,407.409,546.04175,24.0643,9.663868,20,6.0,0.20048657,0.8016651,38.231518,10.699403,1.7097989,0.076893665,0.90798694,0.016667664,1.9500575,0.207005,64.033005,0.20417064,25.751865,0.5343017,31.517006,0.15555707,16.15263,1.0203476,14.400433,1.0084714,0.075345375,14.0115,133.64,-22.287
2019-07-15,5.376184570604327,0.0,1.180742541876561,0.7529868124174669,16.057365801747313,0.01498132653440873,28.367468508974877,0.0,68.54259224059139,0.6897880984720344,64.04141963997178,210.0723722955735,298.5641634408602,401.08416644299746,13.194387844850494,6.5,61.803383,51.15777,408.009,546.04175,27.617493,12.174497,20,7.0,0.19723253,0.8275124,38.231518,10.699403,1.7097989,0.076893665,0.90798694,0.016667664,0.0,0.0,64.033005,0.2041885,25.751865,0.699115,28.332962,0.18551937,17.735464,1.0401009,15.442996,1.1071713,0.075345375,17.284616,133.64,-22.287
2019-08-15,7.668324800342571,0.0,2.9683540111748212,1.09283447973945,15.951066450268817,0.012654503838144836,24.86807956493537,0.0,87.71787307056452,1.0011121115175905,81.02142640988724,248.71857643860452,293.74545203733385,400.4338224683142,13.743774780661184,6.5,61.803383,51.15777,408.513,546.04175,29.627014,14.379489,20,8.0,0.19189595,0.86316633,38.231518,10.699403,1.7097989,0.076893665,0.90798694,0.016667664,0.0,0.0,63.433884,0.20227592,1.9500575,0.08785513,28.332962,0.29635194,20.227442,1.0045526,15.247525,0.9305099,0.075345375,17.689306,133.64,-22.287
2019-09-15,12.983116819449858,0.0,8.396379293157288,7.823937525387273,21.367459564583335,0.01210351212225906,18.84243387617692,14.2,104.15821429884028,7.406177898260113,83.85070596937126,271.2768944239509,325.69954833112735,399.4152614699261,20.969388272404583,6.5,61.803383,51.15777,408.756,546.04175,37.434235,16.88015,20,9.0,0.1905349,0.87146837,38.231518,10.699403,1.7097989,0.076893665,0.90798694,0.016667664,13.024466,1.5139267,76.435425,0.24381416,13.024466,0.6092164,38.77633,0.5573212,24.19478,1.0205334,20.554085,0.96532464,0.075345375,28.15799,133.64,-22.287
2019-10-15,10.42411993539944,0.0,9.392128498141325,5.082996438265941,27.2618781922043,0.006028134173968037,15.087498050937768,0.4,121.3817018065188,4.656376964205986,97.12288650204725,300.1112528232627,359.9878445854145,398.186081146022,31.498622405131453,6.5,61.803383,51.15777,408.902,546.04175,46.05304,19.3815,20,10.0,0.18805581,0.8811391,38.231518,10.699403,1.7097989,0.076893665,0.90798694,0.016667664,0.0,0.0,70.40206,0.22462337,13.024466,0.43901467,38.77633,0.5830813,27.120241,1.0380609,26.67154,1.0764729,0.075345375,40.390156,133.64,-22.287
2019-11-15,8.705790976746579,0.5854571755328966,9.291248152279476,4.544273900786329,28.915046083333337,0.005020954668750484,12.380325114057788,2.4000000000000004,140.88513814097223,4.301632115343108,119.82814431677095,343.9692827152666,364.5437593099632,387.9653113667181,35.88151669023666,6.5,61.803383,51.15777,408.935,546.04175,49.542084,21.58886,20,11.0,0.18197705,0.87293744,38.231518,10.699403,1.7097989,0.076893665,0.90798694,0.016667664,1.0339661,0.035355188,46.862022,0.14980748,14.058432,0.2569391,16.00849,0.20814219,28.682556,1.0578979,27.953224,1.0194972,0.075345375,44.7205,133.64,-22.287
2019-12-15,7.325911029904736,3.8100249055636883,11.135935935468424,7.838462704541227,32.80039556490412,0.005723495327620426,15.699846969119184,8.600000000000001,136.12312878409094,7.180575004428895,112.56850036367555,318.93514509894885,397.8961326672361,387.34358126227994,43.37210813997218,6.5,61.803383,51.15777,408.699,546.04175,53.71634,21.449963,20,12.0,0.18107243,0.8360609,38.231518,10.699403,1.7097989,0.076893665,0.90798694,0.016667664,6.60751,0.1513562,52.18295,0.16631821,7.641476,0.085125394,20.665941,0.18593454,30.403711,1.0811913,32.266376,1.1074088,0.075345375,55.08537,133.64,-22.287
2020-01-15,-4.617680462999999,21.393518688,16.775838224999998,47.02822145418976,31.88486553917447,0.015236973341929345,29.77944631254771,35.979288482666014,126.18147895087358,43.08110967741935,86.31447775537634,284.3900424680452,417.3932296690631,405.4219937511351,34.2546291905113,6.5,61.803383,47.799774,408.423,546.04175,46.97986,15.149929,20,1.0,0.17301801,0.8020188,36.165043,15.589242,1.7097989,0.019547828,0.7976521,0.13702707,60.511345,1.0350313,109.510254,0.35247174,68.152824,0.52012044,81.177284,0.50459826,27.499428,0.98471045,31.82993,1.0620357,0.065320835,39.395584,133.64,-22.287
2020-02-15,-7.549265015999999,21.913051111199998,14.363786095199998,39.50413650146724,30.755696314623833,0.0163588660010631,27.513258965145273,3.6000000000000005,128.64183298471733,38.68428692528735,83.02615308908045,281.74044248721736,402.087582403809,405.70853565824,33.09769241125519,6.5,61.803383,47.799774,408.497,546.04175,45.939087,15.445919,20,2.0,0.23363478,0.9808203,36.165043,15.589242,1.7097989,0.019547828,0.7976521,0.13702707,36.985836,0.603218,146.4961,0.4706279,104.10469,0.64066726,118.16312,0.5420452,26.263428,1.0074893,30.493168,1.0476111,0.065320835,38.353172,133.64,-22.287
2020-03-15,-22.865834195999998,35.3665443006,12.5007101046,58.23236701173786,27.36255915606646,0.017372433519758666,32.46793275365752,44.400000000000006,120.76862128849754,53.34488340053764,63.3439935483871,261.71685502178906,382.9658816776039,406.00168528644616,25.20340242514257,6.5,61.803383,47.799774,408.748,546.04175,40.894653,13.869106,20,3.0,0.28730422,1.1491197,36.165043,15.589242,1.7097989,0.019547828,0.7976521,0.13702707,48.273777,1.3938824,192.18877,0.61452883,145.77095,0.94405067,153.41243,0.62893945,24.208336,0.9994569,27.025547,1.0132651,0.065320835,31.126053,133.64,-22.287
2020-04-15,-6.5425666392,11.8795168746,5.3369502354,36.755576116726445,25.3669230996167,0.008270087763470733,29.474626778061936,4.0,88.30689825130915,34.79300986111111,57.39791854166668,225.7632770940102,372.8599642200101,406.3055482774166,23.326469822618005,6.5,61.803383,47.799774,408.976,546.04175,39.950226,14.935389,20,4.0,0.25216436,1.0008128,36.165043,15.589242,1.7097989,0.019547828,0.7976521,0.13702707,4.7266917,0.23703796,196.91545,0.6275955,89.986305,0.7764975,158.13911,0.6404462,21.60743,1.0163317,25.014837,1.1144985,0.065320835,29.529482,133.64,-22.287
2020-05-15,-6.8404605174,2.8938849227999994,0.0,27.884252714378874,17.631453264288798,0.006601902632144346,32.24390380393405,6.6,69.45950151212917,25.543907728494624,44.268120228494624,183.03930452004394,331.2001905110377,406.614705722219,13.815177725975435,6.5,61.803383,47.799774,409.237,546.04175,30.14447,13.663633,20,5.0,0.24155563,0.96782327,36.165043,15.589242,1.7097989,0.019547828,0.7976521,0.13702707,4.2566557,0.22598219,177.37029,0.56538486,57.257126,0.779969,161.3618,0.6840157,17.2886,0.9975153,16.480837,0.92877483,0.065320835,16.726093,133.64,-22.287
2020-06-15,-10.3645576998,4.4827971138,0.0,27.75770213563743,15.790604991557576,0.0070559491167479105,33.19853720062804,0.0,67.23880654536768,26.275577916666666,39.04371923611111,183.17844111044016,316.33953246936437,406.92740599076774,12.093128695236631,6.5,61.803383,47.799774,409.654,546.04175,25.579529,10.925397,20,6.0,0.23270981,0.9305129,36.165043,15.589242,1.7097989,0.019547828,0.7976521,0.13702707,0.0,0.0,175.42023,0.55933124,8.983347,0.18638718,154.75429,0.76381373,16.420126,1.037245,14.654132,1.0262381,0.065320835,14.468353,133.64,-22.287
2020-07-15,-8.3741171004,2.620663668,0.0,26.575802738832735,15.201741976901465,0.009024705314312306,30.916782378780788,0.0,72.61877000401638,24.345276881720434,42.724578897849455,193.33796044741757,310.20919169161607,407.2484635294131,12.035442831465307,6.5,61.803383,47.799774,410.177,546.04175,25.602814,11.7804575,20,7.0,0.22390336,0.93941295,36.165043,15.589242,1.7097989,0.019547828,0.7976521,0.13702707,0.0,0.0,175.42023,0.5593802,4.2566557,0.11556024,94.24296,0.6170867,17.362953,1.018255,13.822356,0.9909811,0.065320835,14.420093,133.64,-22.287
2020-08-15,-7.4386219302,4.4765776152,0.0,21.584334512552985,19.40969001337404,0.006405926454902595,24.348976200571695,0.0,90.92007942621856,19.77274610215054,57.62794455645162,229.4389453282451,329.00025832249963,407.57833266884904,17.278411261009545,6.5,61.803383,47.799774,410.633,546.04175,32.749878,14.431335,20,8.0,0.2138291,0.96182376,36.165043,15.589242,1.7097989,0.019547828,0.7976521,0.13702707,0.20908321,0.049810447,175.6293,0.56004107,0.20908321,0.009419739,57.46621,0.6010746,20.608902,1.0234971,18.318542,1.1179247,0.065320835,22.404827,133.64,-22.287
2020-09-15,-4.4238794166,7.400619647999999,2.9767402314,25.63788998206717,24.92513994873158,0.006426258394616886,18.66670897622391,9.6,110.86043989229883,24.26895326388889,71.536026875,266.9004598020213,355.88361200983513,407.9079748314099,26.18586245082605,6.5,61.803383,47.799774,410.924,546.04175,41.387848,17.217226,20,9.0,0.20828015,0.95263153,36.165043,15.589242,1.7097989,0.019547828,0.7976521,0.13702707,0.21335545,0.02479983,162.81819,0.5193584,0.42243868,0.019759474,9.405786,0.13518669,24.012997,1.0128659,24.170622,1.1351757,0.065320835,32.504044,133.64,-22.287
2020-10-15,-10.668342483,33.6836392074,23.015296724399995,51.29005561623737,24.94704518185929,0.041180519012390525,30.25802237398054,40.6,144.2552954465252,46.98524509408602,74.32062862903226,290.54933670998287,364.2939992834913,408.24473871440046,22.484021610155928,6.5,61.803383,47.799774,411.014,546.04175,45.326447,20.412607,20,10.0,0.20815837,0.97533005,36.165043,15.589242,1.7097989,0.019547828,0.7976521,0.13702707,70.79994,4.1975875,233.61813,0.7453772,71.22238,2.4006875,75.479034,1.1349814,25.107616,0.96102524,24.91384,1.0055314,0.065320835,30.547886,133.64,-22.287
2020-11-15,3.6685559357927313,11.974605313204837,15.643161248997568,20.404415838336433,31.222138904021996,0.01470194622603431,17.789967888748627,9.0,140.39281007368058,19.31492079511662,101.1161764872739,314.25179486886276,394.98817026073874,409.2506185570043,38.57908222495829,6.5,61.803383,47.799774,410.952,546.04175,51.53836,20.725683,20,11.0,0.19937345,0.9563874,36.165043,15.589242,1.7097989,0.019547828,0.7976521,0.13702707,0.77744544,0.026583783,233.36162,0.7460053,71.79074,1.3120843,71.999825,0.93614084,28.197618,1.040012,30.812677,1.1237857,0.065320835,48.73264,133.64,-22.287
2020-12-15,12.155623409558395,39.132827007079975,51.28845041663837,70.71837558394614,26.994607271505373,0.07126871380577957,47.88140807039556,0.2,141.95869025623657,64.78293247191243,58.0852323669973,247.15848139021398,408.2092160785459,416.65303455974305,19.024990954498914,6.5,61.803383,47.799774,410.858,546.04175,45.286346,17.348623,20,12.0,0.2329583,1.0756322,36.165043,15.589242,1.7097989,0.019547828,0.7976521,0.13702707,302.74203,6.9348187,529.49615,1.6876174,374.31943,4.1698866,374.74185,3.3716083,24.28051,0.86344314,27.937723,0.9588458,0.065320835,27.400734,133.64,-22.287
2021-01-15,-26.8196836741823,76.67897632618003,49.85929265199774,86.79341918858479,28.74279231182796,0.038810612997311825,35.49544879619127,102.4,177.59741283494625,79.5087863355405,66.55134508886199,320.95017006666404,399.6151044698486,412.28760038847224,26.14606463149026,6.5,61.803383,31.773352,410.798,546.04175,43.651794,14.358023,20,1.0,0.29691485,1.3763381,49.848232,18.676262,1.7097989,0.032398283,0.6889128,0.20068584,33.694054,0.5763283,502.67886,1.6179316,337.21353,2.5735052,408.4359,2.5388389,27.253628,0.9759087,29.293772,0.97741437,0.11040136,32.80991,133.64,-22.287
2021-02-15,-39.89830253461757,89.56219533719192,49.663892802574345,85.51200952715395,28.42267611052594,0.045369687225106946,38.740538990990004,44.4,175.3368828547385,86.7279541070705,56.1645195160213,312.41221791325523,396.2900416492989,414.7526847912843,24.361265045413802,6.5,61.803383,31.773352,410.816,546.04175,41.591827,13.006706,20,2.0,0.34316674,1.4406456,49.848232,18.676262,1.7097989,0.032398283,0.6889128,0.20068584,23.183372,0.37810767,488.87643,1.5705463,359.61948,2.2131224,431.41022,1.9789917,26.483946,1.0159487,28.585121,0.98205906,0.11040136,30.426882,133.64,-22.287
2021-03-15,-18.102598708201207,82.52895895618653,64.42636024798533,66.23815391288986,25.707534677419357,0.04981925272849462,43.05518307950351,42.99999999999999,132.57041915087365,60.67873896380919,51.54294635226221,250.49717479954282,384.84604708296933,414.172253046771,19.229089759890094,6.5,61.803383,31.773352,410.972,546.04175,36.906097,10.567196,20,3.0,0.35434428,1.4172573,49.848232,18.676262,1.7097989,0.032398283,0.6889128,0.20068584,66.34542,1.9156926,506.9481,1.6209803,123.22285,0.7980233,497.5423,2.0397563,23.308554,0.9623088,26.338902,0.9875209,0.11040136,25.834131,133.64,-22.287
2021-04-15,-6.860409902161512,51.10780257209416,44.24739266993265,29.592326557909978,21.336859884027778,0.024705158027777778,30.076023890500004,0.0,113.61986678277778,28.01224245466355,71.58579405782275,265.80971552905055,330.59246077398495,412.88086394487135,18.03229849397987,6.5,61.803383,31.773352,411.09,546.04175,34.144135,12.754066,20,4.0,0.32589915,1.293458,49.848232,18.676262,1.7097989,0.032398283,0.6889128,0.20068584,0.0,0.0,502.22137,1.6006457,89.52879,0.77254957,426.74234,1.72826,22.39782,1.0535086,21.390068,0.95300233,0.11040136,25.977325,133.64,-22.287
2021-05-15,2.492021262944046,31.462559520148954,33.954580783093,13.360845588453643,17.801144912304167,0.024477907248977096,33.077272310528336,0.0,80.36488113579081,12.239460400175425,63.7528652142387,214.5792470469727,317.8143766226107,411.9560636122278,13.794643173965195,6.5,61.803383,31.773352,411.26,546.04175,30.213257,12.468058,20,5.0,0.29504502,1.1821353,49.848232,18.676262,1.7097989,0.032398283,0.6889128,0.20068584,0.0,0.0,497.96472,1.5873106,66.34542,0.9037717,425.9649,1.8056731,18.386616,1.0608684,17.7452,1.0000278,0.11040136,20.021711,133.64,-22.287
2021-06-15,6.672794886645354,22.8654326057084,29.538227492353748,12.589131279709665,13.789325041944444,0.04088402359722222,45.481886435649386,3.2,63.717816811736114,11.9169338379227,52.0102049950753,179.64428865364843,305.8033936111111,412.5693569342837,8.657329877236887,6.5,61.803383,31.773352,411.645,546.04175,22.669922,8.592425,20,6.0,0.29114103,1.1641558,49.848232,18.676262,1.7097989,0.032398283,0.6889128,0.20068584,16.525959,1.7542846,514.49066,1.6404648,16.525959,0.3428819,139.74881,0.68975186,15.896155,1.0041462,14.077497,0.985856,0.11040136,12.911705,133.64,-22.287
2021-07-15,5.296249518817955,22.99959057997389,28.295840098791842,12.909836365905495,16.163860540994623,0.042215492809139776,33.89625421006908,0.0,79.90794931693549,11.826304699591445,59.20719364964688,207.76511932512088,306.7750134408602,408.718329387532,12.260430574326312,6.5,61.803383,31.773352,412.155,546.04175,24.9104,8.840038,20,7.0,0.2664991,1.1181284,49.848232,18.676262,1.7097989,0.032398283,0.6889128,0.20068584,0.0,0.0,514.49066,1.6406083,16.525959,0.44864887,106.05475,0.69442827,17.929241,1.051465,16.070362,1.1521498,0.11040136,18.613424,133.64,-22.287
2021-08-15,4.005518636605156,14.250229464706607,18.255748101311763,8.01030570542269,17.06549444354839,0.024541709173387095,25.50033993920644,0.0,93.0806518218414,7.337995101114513,74.78096921499703,241.10305507159626,306.5529473790323,408.14165927305976,14.64707886184183,6.5,61.803383,31.773352,412.679,546.04175,30.021881,13.344225,20,8.0,0.23779929,1.069644,49.848232,18.676262,1.7097989,0.032398283,0.6889128,0.20068584,0.0,0.0,514.2816,1.6399246,16.525959,0.7445372,82.87138,0.866803,20.504503,1.0183123,16.677656,1.0177865,0.11040136,20.862583,133.64,-22.287
2021-09-15,16.051619421773918,8.98005121879215,25.03167064056607,14.050105653627027,21.336249838194444,0.03778276243055556,24.658722208099398,29.400000000000002,115.57794278125,13.299899394961137,81.32924836362771,269.9713771831207,334.72691208333333,408.2612172199019,19.428593838163916,6.5,61.803383,31.773352,413.057,546.04175,35.74176,14.447433,20,9.0,0.22598177,1.0335952,49.848232,18.676262,1.7097989,0.032398283,0.6889128,0.20068584,28.130678,3.2698298,542.1989,1.7295092,28.130678,1.315806,44.65664,0.6418372,23.598396,0.995378,21.294327,1.0000902,0.11040136,26.98794,133.64,-22.287
2021-10-15,13.158598883765542,26.788472057151246,39.94707094091679,41.552885073585344,25.882998534946243,0.05029057533266129,35.57596540213937,50.2,148.39934360067204,38.06532213879517,80.3812621337818,289.7394865275762,373.22827883064514,412.69976849005195,21.98777045828728,6.5,61.803383,31.773352,413.218,546.04175,41.439606,15.232485,20,10.0,0.22388652,1.0490246,49.848232,18.676262,1.7097989,0.032398283,0.6889128,0.20068584,44.00424,2.6089237,515.4032,1.6444348,72.13492,2.431446,88.66087,1.3331972,25.797062,0.9874146,26.20712,1.0577288,0.11040136,32.806572,133.64,-22.287
2021-11-15,0.858780289986075,46.13073795884375,46.989518248829825,55.364339471083404,24.822944173611113,0.05663099771240908,41.501716437542555,70.4,175.59937618819444,52.40815714747309,90.48635189401534,313.5478082325316,369.051159375,416.3691032619068,18.71668912457852,6.5,61.803383,31.773352,413.257,546.04175,39.118927,14.283222,20,11.0,0.24895844,1.1942449,49.848232,18.676262,1.7097989,0.032398283,0.6889128,0.20068584,51.705257,1.7679971,566.33105,1.8104346,123.84018,2.2633665,140.36613,1.8250388,25.871033,0.9542006,24.835705,0.90579635,0.11040136,26.183899,133.64,-22.287
2021-12-15,17.1246496881007,19.59318881658914,36.71783850468984,37.42887927301852,30.616767909946237,0.031099585772967057,23.831980419462212,40.60000000000001,165.0184275931855,34.28744705207521,102.82885219870484,316.8745030273979,394.97065658602156,412.2671464115795,34.49562062535223,6.5,61.803383,31.773352,413.211,546.04175,47.770416,17.366177,20,12.0,0.2233304,1.0311775,49.848232,18.676262,1.7097989,0.032398283,0.6889128,0.20068584,21.011845,0.48131186,284.60083,0.9070837,116.721344,1.3002658,144.85202,1.3032552,29.719435,1.0568577,30.40424,1.0434988,0.11040136,45.90679,133.64,-22.287
2022-01-15,10.892748044641696,3.649620272990972,14.542368317632668,12.074684995601917,32.316395190184046,0.017870005231901843,25.25523982002812,11.4,160.39883728568097,20.195260467081706,108.6701924680681,315.88413944841085,406.24227631901834,412.57432039652747,37.38986511159081,6.5,61.803383,35.16719,413.096,546.04175,45.42206,14.794613,20,1.0,0.2308837,1.0702531,54.031506,8.385521,1.7097989,0.015898742,0.75782084,0.12485484,151.18799,2.5860324,402.09476,1.2941897,223.90509,1.7087716,296.04,1.8401856,25.187838,0.9019361,30.627445,1.0219136,0.11732433,32.948612,133.64,-22.287
