time,NEE_SOLO_EC,GPP_SOLO_EC,ER_SOLO_EC,ET_EC,Ta_EC,Sws_EC,RH_EC,Precip_EC,Fn_EC,Fe_EC,Fh_EC,Fsd_EC,Fld_EC,CO2_EC,VPD_EC,aspect_RS,BS_RS,CO2_RS,elevation_RS,LST_RS,LST-Tair_RS,Landcover_RS,month_RS,NDVI_RS,NDVI_anom_RS,NPV_RS,PV_RS,soil_moisture_RS,VegH_RS,WCF_RS,rain_RS,rain_anom_RS,rain_cml12_RS,rain_cml12_anom_RS,rain_cml3_RS,rain_cml3_anom_RS,rain_cml6_RS,rain_cml6_anom_RS,srad_RS,srad_anom_RS,tavg_RS,tavg_anom_RS,vpd_RS,x_coord,y_coord
2005-09-15,-58.73601983554407,164.50598846950555,105.76996863396147,59.42739024554539,7.543863277777778,0.38281668886154513,86.44439337174923,59.400000000000006,47.0466043471654,56.25426107502707,19.93951799482803,112.96146308263887,351.308795625,379.07015714137344,1.4129991412081606,194.62206,1.9827658,377.976,693.0817,282.2336,0.47998333,10,9.0,0.7749398,1.0449438,15.31112,81.12836,,10.912318,77.86012,88.083824,0.7647519,1227.8861,1.0539143,364.4018,1.0024533,570.49994,0.84659594,13.019007,0.9904255,8.603635,1.0186515,2.709634,145.1878,-37.4259
2005-10-15,-96.54569990371596,218.6537673441456,122.10806744042965,87.22653688423236,10.538684255376344,0.3784805591211524,78.06207793844202,80.33504614493634,86.18388024171853,79.90555215768836,43.814550436411324,170.43674289966265,366.8812821791276,373.4124973071307,2.804718894246299,194.62206,1.9827658,378.053,693.0817,287.42368,2.964696,10,10.0,0.77405316,1.0668215,15.31112,81.12836,,10.912318,77.86012,84.68518,0.83762264,1247.1118,1.0655955,346.3989,1.0071354,610.49603,0.88816744,17.581877,0.97873294,11.308986,1.0500941,4.31741,145.1878,-37.4259
2005-11-15,-112.75019503909397,255.35741197497404,142.60721693588007,110.96307791471921,12.800341645833333,0.36721070914509557,78.03861072823887,71.9310759024045,113.9453887891888,105.03819751989006,68.4571996938202,201.3425700916667,379.28109346205747,365.5003380155666,3.2665206178439794,194.62206,1.9827658,377.997,693.0817,293.04694,6.0141096,10,11.0,0.7607358,1.0723523,15.31112,81.12836,,10.912318,77.86012,90.98518,0.88800627,1148.8237,0.98011816,263.7542,0.8217087,674.0306,0.9747189,21.435041,0.98327404,13.882833,1.0425817,5.145258,145.1878,-37.4259
2005-12-15,-82.04362022634615,245.93178288775022,163.88816266140407,114.44261635491011,15.569537672536102,0.33388638410631083,67.6150527739783,43.24614168932319,116.71710633897781,104.83736689382,65.17210191008502,234.75722624988194,387.2048127086658,356.6419771276892,5.778941241899525,194.62206,1.9827658,377.883,693.0817,292.08875,3.0706873,10,12.0,0.7403179,1.0709796,15.31112,81.12836,,10.912318,77.86012,74.654495,0.8226695,1104.5192,0.94112056,250.32486,0.84388596,614.7266,0.93120146,24.938278,1.039094,15.868064,1.0385219,11.00356,145.1878,-37.4259
2006-01-15,-29.406321183599996,219.645678861,190.2393576774,71.41426146886208,16.935754704301075,0.30023105712325504,77.9088440860215,64.68773925354219,99.0073386491424,65.42041216397848,61.85232405913979,237.80760501872948,397.586577425403,356.52594004633477,4.307069622733513,194.62206,4.1553707,377.971,693.0817,298.52203,6.2262974,10,1.0,0.6972925,1.0199577,17.340591,75.90349,,10.912318,77.15529,77.06728,1.0329504,1129.0594,0.96479636,242.70697,0.9097856,589.10583,0.9737543,24.308546,0.99828035,19.145742,1.0962666,11.270784,145.1878,-37.4259
2006-02-15,-57.27552563913598,197.25977690776867,139.9842512686327,58.07250376052648,14.304802791055014,0.28594110036821485,80.20587051638323,68.89427057154208,101.96799738734643,58.898270183047195,62.30247459738995,215.25762472916176,391.3392442418626,362.7627828009691,3.251724799544261,194.62206,4.1553707,378.103,693.0817,293.49994,3.7000885,10,2.0,0.70965093,1.0222826,17.340591,75.90349,,10.912318,77.15529,47.980476,0.8356934,965.8719,0.82570624,199.70224,0.8916585,463.45645,0.8644703,22.14241,1.0148823,16.649857,0.9499841,8.767649,145.1878,-37.4259
2006-03-15,-94.70124349956365,231.44968858835637,136.74844508879272,74.07283480719137,16.4937191562605,0.2780010673538112,61.39965002224856,25.825874535958462,82.44396574277475,67.85584956799758,42.17468004548206,183.7548797170699,397.0474462475857,372.62089147885587,7.313938840489744,194.62206,4.1553707,378.117,693.0817,294.37512,4.3984833,10,3.0,0.717759,1.0108602,17.340591,75.90349,,10.912318,77.15529,34.09237,0.48469558,979.96484,0.8377197,159.14014,0.78350663,409.465,0.83360666,18.80659,1.1188399,16.826645,1.0870053,9.896619,145.1878,-37.4259
2006-04-15,-88.94023048115285,151.922818451186,62.98258797003315,63.228293326747135,10.030173215949016,0.28850821054792086,64.7278189838134,68.26833134607628,31.206611713440886,59.85221470158441,3.551308605250592,94.5419547972222,357.47183177408004,375.28268450056834,4.357148778110902,194.62206,4.1553707,378.179,693.0817,285.66428,2.690958,10,4.0,0.75917006,1.0406696,17.340591,75.90349,,10.912318,77.15529,96.015976,1.1074075,1031.2917,0.87980914,178.08882,0.8237102,420.79578,0.87125456,10.682981,0.9049498,9.823324,0.80399764,3.8330762,145.1878,-37.4259
2006-05-15,-107.71147011541794,130.61656721529397,22.905097099876027,70.33465248184883,6.795763562577056,0.327844581763929,89.23236611940843,66.39999999999999,9.12368725866617,64.43141552025997,-4.7931418710183715,63.31414036882486,350.4046212131769,378.8998249079359,1.065852520201082,194.62206,4.1553707,378.301,693.0817,282.87866,1.829454,10,5.0,0.7887126,1.0564375,17.340591,75.90349,,10.912318,77.15529,92.681984,0.9271268,1096.5231,0.93756837,222.79031,0.86807793,422.49258,0.87906647,7.538308,0.98377514,7.8992143,0.8539266,1.6833857,145.1878,-37.4259
2006-06-15,-93.78055250801137,100.38569663726065,6.605144129249278,34.00909051206455,5.202348349278299,0.330432583745366,85.0071835000872,17.799999999999997,-10.568144642339522,32.193173024846296,-10.463589683011298,56.535786167278005,342.7757468138485,376.9116240026506,1.328154462159383,194.62206,4.1553707,378.534,693.0817,280.73724,2.0229063,10,6.0,0.78779054,1.041131,17.340591,75.90349,,10.912318,77.15529,35.56705,0.2839105,998.1318,0.85410076,224.26501,0.72258455,383.40515,0.74668294,6.6546254,1.1636894,5.5643435,0.8318688,1.8573879,145.1878,-37.4259
2006-07-15,-84.55471072255125,89.30961331516109,4.754902592609837,39.67580883460288,5.360868034929702,0.3437168419840471,85.8718262912573,54.19999999999999,1.1075626934679124,36.345790231698636,-8.11419993831805,55.276555770693605,347.2565114453984,388.0854282017257,1.265529844904394,194.62206,4.1553707,378.928,693.0817,280.63388,1.1511679,10,7.0,0.7990998,1.051618,17.340591,75.90349,,10.912318,77.15529,113.99195,0.9148306,1009.43567,0.86675966,242.241,0.7053757,420.3298,0.7510924,6.533047,1.0167034,6.332719,1.0759476,1.4767734,145.1878,-37.4259
2006-08-15,-124.45041071015629,142.18118608769504,17.73077537753877,49.658348465860854,6.559105178224357,0.3414817383055925,83.87515764162096,37.2,24.71773023401763,45.49048827502845,6.062719537519582,99.86776535819892,346.66127533602156,355.246512075993,1.570169599995231,194.62206,4.1553707,379.379,693.0817,282.493,2.1847897,10,8.0,0.7722823,1.0105059,17.340591,75.90349,,10.912318,77.15529,49.213512,0.38375103,885.01935,0.7607871,198.77252,0.53645426,421.5628,0.672158,10.195361,1.1612492,7.158228,1.0802233,2.8727906,145.1878,-37.4259
2006-09-15,-139.0269516160781,183.33891819906785,44.311966582989754,65.61126230393262,8.766303472222221,0.338173920138889,81.58100694444445,33.8,46.890594064052394,62.107944903136215,23.167565261160526,134.57685998333335,359.4117850694445,349.23012957185256,2.0879043847216576,194.62206,4.1553707,379.601,693.0817,285.21835,2.6376762,10,9.0,0.7689311,1.0368416,17.340591,75.90349,,10.912318,77.15529,69.16691,0.6005135,866.1024,0.7433896,232.37238,0.6392462,456.63736,0.67762905,14.670859,1.1160908,9.430683,1.1165723,5.0664644,145.1878,-37.4259
2006-10-15,-171.61088222872394,232.83181055630524,61.22092832758128,74.41942526329117,10.551403225806451,0.3044262749371081,71.97394489247313,11.6,98.12855142624804,68.17335044280586,60.39231689257805,204.65308876162567,368.840219555396,344.27703560919707,3.5861496820454866,194.62206,4.1553707,379.533,693.0817,290.18405,5.5464287,10,10.0,0.7197683,0.9920045,17.340591,75.90349,,10.912318,77.15529,23.664593,0.2340669,805.08185,0.6879027,142.04501,0.41298795,384.28598,0.55907047,20.558825,1.1444511,11.487629,1.066682,8.57334,145.1878,-37.4259
2006-11-15,-112.89153247526845,180.66955893592436,67.7780264606559,71.53131014817363,12.351273011818577,0.29219935263813357,75.483425650305,49.72124328038163,118.65740175953403,67.71189142729892,65.76624505255859,205.75318321370727,378.5401305238024,351.78825784990516,3.5392950354779504,194.62206,4.1553707,379.49,693.0817,296.14905,9.246824,10,11.0,0.67865914,0.95665497,17.340591,75.90349,,10.912318,77.15529,49.679382,0.48486578,763.776,0.65161496,142.51088,0.44398314,341.2834,0.49353158,23.614222,1.083238,13.75223,1.0327736,9.844409,145.1878,-37.4259
2006-12-15,-132.27939644111794,223.4372781568169,91.15788171569892,102.97883683706812,13.671887096774196,0.25978183095439766,68.93907930107527,28.594874636110017,135.2411439938435,94.33575047171085,73.98156623780525,241.27192076372128,383.9133657149808,357.07172949703255,4.894330085668103,194.62206,4.1553707,379.563,693.0817,297.78207,9.3251915,10,12.0,0.6388711,0.92422175,17.340591,75.90349,,10.912318,77.15529,46.783512,0.5155399,735.905,0.6270379,120.12749,0.40496936,352.49985,0.5339745,25.862204,1.0775908,15.306889,1.0017945,12.195073,145.1878,-37.4259
2007-01-15,-110.42683876120489,232.72164002527185,122.29480126406695,112.19085336509613,16.746324596774194,0.24390913978494627,71.98646505376344,33.94897529374213,127.35482613059273,102.77459595900534,57.15534661650531,222.15475570026882,402.60132305107527,373.11667973295164,5.395362817660043,194.62206,2.4079547,379.49,693.0817,299.03516,7.4071903,10,1.0,0.62536365,0.91474444,17.170187,79.90698,,10.912318,74.79743,44.160736,0.5918964,702.9984,0.60072154,140.62363,0.52712685,282.66864,0.46723318,23.872808,0.9803859,18.477972,1.0580307,12.189906,145.1878,-37.4259
2007-02-15,-59.723250462206735,180.14425499160802,120.42100452940127,90.20583267817972,18.453819583333335,0.23433683753304133,75.50081447021837,20.665726908490996,105.37874665941915,91.4885214365004,44.53505212107513,206.94686925431043,416.1164403783897,371.1673624624148,5.265322993548709,194.62206,2.4079547,379.458,693.0817,300.51224,7.1632004,10,2.0,0.6271201,0.9033933,17.170187,79.90698,,10.912318,74.79743,31.45151,0.5478024,686.4695,0.5868502,122.39575,0.54648966,264.90665,0.4941218,22.29956,1.0220853,20.199043,1.1524886,13.823095,145.1878,-37.4259
2007-03-15,-82.70827922701376,177.882695503849,95.1744162768352,61.10482856717101,14.501798387096773,0.23524072580645167,79.09116935483871,57.99950416104734,72.97739919647361,55.9762572328296,45.93053446209285,160.4584716696183,389.812900163593,382.94496986476594,3.479557505310762,194.62206,2.4079547,379.565,693.0817,294.10608,4.9031944,10,3.0,0.6542761,0.92145365,17.170187,79.90698,,10.912318,74.79743,86.20118,1.2255332,738.57825,0.63137114,161.81342,0.7966682,281.94092,0.5739876,17.025053,1.0128528,16.05289,1.0370206,8.953458,145.1878,-37.4259
2007-04-15,-81.84097788696155,153.78586948453722,71.94489159757563,60.004465950328886,12.584597222222222,0.2436905555555556,84.0056388888889,21.4,30.677388747700483,56.800523786931706,14.63883833606654,125.41104662353116,381.5412176388889,377.86264880004296,2.3451310493583972,194.62206,2.4079547,379.765,693.0817,290.88568,4.2532206,10,4.0,0.69437355,0.9518466,17.170187,79.90698,,10.912318,74.79743,39.74168,0.45836365,682.304,0.5820829,157.39436,0.7279926,298.01797,0.61704403,13.240754,1.1216174,13.482467,1.1034831,7.166102,145.1878,-37.4259
2007-05-15,-40.649652770763765,94.07650193228702,53.42684916152324,66.19737618189009,9.854522849462365,0.26049206989247314,90.55376344086021,52.60000000000001,1.0315787252163968,60.641383736516396,-23.671985257758347,68.48933283386056,362.3266665012183,384.8754614338146,1.1530853076907148,194.62206,2.4079547,380.137,693.0817,284.4589,0.098275185,10,5.0,0.74736434,1.0010538,17.170187,79.90698,,10.912318,74.79743,130.67137,1.3071465,720.2934,0.61587787,256.61423,0.9998691,379.00998,0.78859365,7.019104,0.9160172,11.210624,1.2118989,2.8820288,145.1878,-37.4259
2007-06-15,-136.03856710865534,97.361940739663,0.0,27.405367054641378,4.73641875,0.3081326388888889,95.60784722222222,58.400000000000006,3.2079959002225746,25.94205578906948,-14.912642044086493,52.387252827772926,337.28585458333333,394.24467637590925,0.37656571801169336,194.62206,2.4079547,380.525,693.0817,280.81915,2.0230942,10,6.0,0.7815311,1.0328587,17.170187,79.90698,,10.912318,74.79743,136.16316,1.086909,820.8895,0.7024347,306.57623,0.9877923,468.38965,0.91219056,5.79965,1.0141804,5.6460648,0.84408617,1.350105,145.1878,-37.4259
2007-07-15,-144.2776036635971,107.47886245048285,0.0,54.58878422783922,4.506010636375678,0.3349064516129033,95.0199752688172,68.19999999999999,4.318403787862686,50.00710908804746,-14.44754526574004,55.88360009492186,336.08046609757673,403.63576261465136,0.420101410362989,194.62206,2.4079547,381.032,693.0817,279.47006,0.9242015,10,7.0,0.7944595,1.0455114,17.170187,79.90698,,10.912318,74.79743,137.05037,1.0998836,843.9479,0.7246623,403.8849,1.1760626,561.27924,1.0029566,6.124318,0.953095,5.395867,0.9167737,1.2006414,145.1878,-37.4259
2007-08-15,-132.50136183194488,148.91115895429724,16.40979712235237,59.15908979497049,7.132875410207816,0.3263790322580645,88.00966088709677,20.0,16.772708103557225,54.1938256873281,-9.679673623322874,88.60236703273914,349.6229812877174,385.02896148468324,1.2148926366594803,194.62206,2.4079547,381.448,693.0817,281.9708,1.117877,10,8.0,0.76739323,1.0041088,17.170187,79.90698,,10.912318,74.79743,56.67809,0.44195738,851.4125,0.7318977,329.89163,0.8903231,586.50586,0.9351503,9.469357,1.0785575,7.702924,1.1624215,2.8082063,145.1878,-37.4259
2007-09-15,-120.96583759831304,143.99093767428533,23.025100075972297,77.79791335904594,7.6541125,0.3130190277777778,81.61726388888889,19.6,52.9243228622787,73.64388897289935,17.623335292980038,130.74190154668915,353.3170799716297,388.2793384230348,1.930771642652016,194.62206,2.4079547,381.657,693.0817,285.6114,4.060197,10,9.0,0.73923826,0.9968032,17.170187,79.90698,,10.912318,74.79743,74.382416,0.64579505,856.6279,0.7352575,268.11087,0.7375612,574.68713,0.85280955,13.963043,1.0622435,8.401198,0.9946835,4.2596602,145.1878,-37.4259
2007-10-15,-152.49644877939866,187.06058047364098,34.564131694242334,71.70607666595905,10.275059958743656,0.30148306451612905,75.50814180107527,18.6,85.03946059832069,65.68773510588304,48.61534490455553,173.92041610505206,364.70893875646294,381.562801956337,3.075993637763685,194.62206,2.4079547,381.786,693.0817,288.77814,4.2565804,10,10.0,0.7229441,0.9963815,17.170187,79.90698,,10.912318,74.79743,27.937956,0.27633482,860.9013,0.73559767,158.99846,0.46227914,562.88336,0.81889915,19.35063,1.0771943,11.371563,1.0559047,6.903603,145.1878,-37.4259
2007-11-15,-129.0913112831029,202.73595164517337,73.64464036207048,97.3559435888013,13.97178125,0.2853655555555556,79.54702777777779,76.8963349481629,123.77134681653054,92.1576169712511,75.54808854920243,212.9731166071957,384.90844914253137,379.6476555883448,3.287160346262919,194.62206,2.4079547,381.762,693.0817,296.49542,7.774248,10,11.0,0.68906236,0.9713196,17.170187,79.90698,,10.912318,74.79743,83.50929,0.8150423,894.73126,0.76333934,185.82967,0.5789399,515.7213,0.74578714,22.537596,1.0338507,15.57118,1.1693742,8.789043,145.1878,-37.4259
2007-12-15,-99.9951917832,186.658264638,86.66307285479999,92.58627830942288,15.51980309139785,0.2811849462365592,75.4923185483871,94.10458039430486,127.62718417493431,84.81544670698925,73.55020329301075,221.1565228865589,392.8883621722093,372.2653002374543,4.359136174403883,194.62206,2.4079547,381.715,693.0817,298.18225,8.372532,10,12.0,0.6859205,0.9922857,17.170187,79.90698,,10.912318,74.79743,151.85753,1.673423,999.80524,0.85189766,263.30478,0.8876434,531.41565,0.8050001,24.121273,1.0050521,16.659725,1.090334,10.332454,145.1878,-37.4259
2008-01-15,-131.80282136272706,231.3916306226468,99.58880925991977,98.15002654886567,16.88938306451613,0.27162446236559146,73.36317204301075,46.747869279720675,128.49996953953413,89.9122256348181,59.559214906550196,227.99808323394862,397.047958454414,376.21693295710054,5.177815368736506,194.62206,3.1706927,381.779,693.0817,296.38995,4.260603,10,1.0,0.69099975,1.010753,20.29119,74.52411,,10.912318,79.707726,76.23461,1.0217899,1031.879,0.8817544,311.60144,1.1680361,470.5999,0.7778716,25.223343,1.0358484,18.979357,1.0867395,11.913091,145.1878,-37.4259
2008-02-15,-116.72817385577483,182.76123146412124,66.0330576083464,73.80146275804927,13.7987658045977,0.2833841954022989,82.26678879310344,24.448246484446507,108.22295189219338,72.26982320528005,51.80600756506483,195.4312149216049,386.14134102011496,385.88780501714723,2.8177396309155096,194.62206,3.1706927,381.858,693.0817,293.67963,4.815303,10,2.0,0.7383962,1.0636914,20.29119,74.52411,,10.912318,79.707726,64.43062,1.1222115,1064.8583,0.9103279,292.52277,1.3060966,478.35242,0.8922553,20.269382,0.9290334,15.71433,0.8966061,7.1649857,145.1878,-37.4259
2008-03-15,-55.654768750310154,167.46030893271495,111.80554018240478,79.98896872996619,16.136341577284945,0.26033938172043014,73.51792338709679,57.35777374079442,56.866771084306414,73.2754382003603,28.392225391440164,173.4404419063177,403.04630155058396,371.0639364920939,4.902939105948102,194.62206,3.1706927,381.864,693.0817,296.40622,6.1888885,10,3.0,0.73847497,1.0400357,20.29119,74.52411,,10.912318,79.707726,42.373886,0.602435,1021.031,0.87282497,183.03911,0.90117025,446.34393,0.9086864,18.503258,1.1007941,17.067337,1.102554,13.215925,145.1878,-37.4259
2008-04-15,-79.85290664394742,141.66931696179935,61.81641031785193,68.83323307446878,10.356377797222223,0.2563830555555556,84.81984722222221,19.610054334826458,25.98621449296854,65.15787834549252,7.287286157039259,108.21394430251699,367.63072041666663,358.54287191468234,1.9170163854563855,194.62206,3.1706927,381.959,693.0817,288.78442,4.2397375,10,4.0,0.76348853,1.0465894,20.29119,74.52411,,10.912318,79.707726,28.834557,0.33256552,1010.12384,0.86175054,135.63907,0.62736833,447.2405,0.92600816,12.53794,1.0620824,11.394692,0.93260753,5.4985366,145.1878,-37.4259
2008-05-15,-115.68668159141805,120.95796118305444,5.271279591636375,30.962365486213113,7.7664267473118285,0.2747,93.53885752688173,51.800000000000004,6.232566898692513,28.363672325631903,2.935423502160225,67.60841468062883,352.7980674826551,376.0023440554562,0.6838911783093391,194.62206,3.1706927,382.227,693.0817,283.2257,1.2125435,10,5.0,0.7739115,1.0366122,20.29119,74.52411,,10.912318,79.707726,62.05327,0.6207382,941.5058,0.8050228,133.26172,0.5192396,425.7845,0.8859158,7.810439,1.0192891,8.863171,0.9581329,2.1808681,145.1878,-37.4259
2008-06-15,-110.9261001976874,82.8954857449987,0.0,43.16248474561647,7.256458820576193,0.30851875000000006,94.26460194444444,36.800000000000004,-0.2947187394010743,40.857821208273364,-7.1633342457342675,48.875397307214655,349.4256895413944,386.96729787487584,0.5861075972967528,194.62206,3.1706927,382.727,693.0817,282.90897,1.5323343,10,6.0,0.8010137,1.0586066,20.29119,74.52411,,10.912318,79.707726,97.014854,0.77441156,902.3574,0.77214676,187.90268,0.6054247,370.9418,0.72241056,5.5980763,0.9789314,8.226638,1.2298816,1.6126906,145.1878,-37.4259
2008-07-15,-151.23616610595295,89.89245212997878,0.0,40.23684146496343,4.701568402775164,0.3337084677419355,93.82012768817202,60.400000000000006,4.284844597251089,36.859734997922004,-18.591787658985204,61.912100744553875,336.02227938706756,389.56075789286524,0.5285409646860455,194.62206,3.1706927,383.07,693.0817,279.79807,1.1218977,10,7.0,0.80803645,1.0633787,20.29119,74.52411,,10.912318,79.707726,138.05415,1.1079394,903.3612,0.775678,297.12225,0.86518306,432.76135,0.7733065,6.215383,0.9672669,5.5261736,0.93891317,1.5249983,145.1878,-37.4259
2008-08-15,-150.1773431263893,97.39091965839934,0.0,47.28858260387881,4.251457661290322,0.34030322580645167,93.99534946236558,64.6,22.446271065062096,43.31961853228683,-8.499314351915675,65.76555430032681,333.5662279113299,400.823850604256,0.49752884240129347,194.62206,3.1706927,383.432,693.0817,279.75995,1.2178702,10,8.0,0.7965503,1.0422598,20.29119,74.52411,,10.912318,79.707726,134.45526,1.0484387,981.13837,0.8434137,369.52426,0.997285,502.786,0.80166376,8.313949,0.94695675,5.3920846,0.81370074,1.4242725,145.1878,-37.4259
2008-09-15,-120.30232096901682,141.41620947017077,21.113888501153948,68.12804866797984,8.150091666666668,0.32297125000000004,79.97595833333334,20.200000000000003,56.04689294749735,64.49034730391796,26.76853002334699,142.32770715884604,354.7565641434142,385.7118787474054,2.176087903637505,194.62206,3.1706927,383.836,693.0817,284.47778,2.4435844,10,9.0,0.774485,1.0443306,20.29119,74.52411,,10.912318,79.707726,38.948418,0.33815378,945.7044,0.8117133,311.45782,0.8568068,499.36053,0.7410283,14.326488,1.0898925,8.884205,1.0518703,4.767211,145.1878,-37.4259
2008-10-15,-140.06934152050718,199.9752560045205,59.90591448401332,66.4362386696996,11.027289650537634,0.3057943548387097,74.18810483870968,22.154176852014505,82.54710404464984,60.86019832735027,39.451882118111385,172.97468606338936,371.24287520535023,381.9584485535132,3.4103816886905975,194.62206,3.1706927,383.796,693.0817,289.6199,4.6174545,10,10.0,0.7482829,1.0313042,20.29119,74.52411,,10.912318,79.707726,33.5348,0.33169332,951.3012,0.8128399,206.93849,0.6016621,504.06073,0.73332226,19.8869,1.107047,11.852455,1.1005579,7.28464,145.1878,-37.4259
2008-11-15,-133.20881160049797,176.8894024093609,43.68059080886293,83.14326230197831,11.397648611111112,0.3039926388888889,83.04109027777778,98.0994828285463,98.57386968162993,78.70382267906403,44.23927401587212,175.7180702437327,373.60005716156513,389.9495692507727,2.2970975718013795,194.62206,3.1706927,383.643,693.0817,291.2274,5.1568136,10,11.0,0.7142195,1.0067818,20.29119,74.52411,,10.912318,79.707726,138.04681,1.3473231,1005.83875,0.85813063,210.53003,0.65589225,580.0543,0.8388194,21.118092,0.96873486,12.920579,0.9703177,6.4901123,145.1878,-37.4259
2008-12-15,-145.43890437732318,155.57479109970836,10.135886722385184,89.41927539607838,12.352513013922934,0.32766656337897243,80.44461503441269,91.8886985713264,119.59725429349781,81.91425258057717,59.38910915290238,202.4920471182255,377.1398194033286,391.5600211948084,2.8233142222320713,194.62206,3.1706927,383.72,693.0817,292.0715,5.2963877,10,12.0,0.70479137,1.0195853,20.29119,74.52411,,10.912318,79.707726,128.06104,1.4111931,982.0423,0.8367625,299.64264,1.0101442,611.10046,0.9257085,22.404991,0.9335404,13.625121,0.8917274,6.7668233,145.1878,-37.4259
2009-01-15,-116.3252538774,177.2700882318,60.9448343544,140.8562082246495,16.626333194622763,0.28199707021087633,66.06428738169781,0.8,126.85823450992403,129.03404737903224,99.43370887096773,247.285969121848,375.90458500137635,385.2439335692572,6.4854801789483565,194.62206,16.320105,383.962,693.0817,298.09454,6.297537,10,1.0,0.6792252,0.9935299,51.978344,25.252134,,10.912318,36.422466,5.2072177,0.06979352,911.0149,0.7784744,271.31506,1.0170228,478.25354,0.7905225,28.226591,1.1591829,18.647013,1.0677098,17.697874,145.1878,-37.4259
2009-02-15,-32.2678569312,82.5139690272,50.246112096000004,114.66713705575481,16.055080451569527,0.2654708185397416,68.07519314352608,3.8233685352003657,90.3875817447185,116.29765520833332,85.2304056547619,202.84975685905087,372.8152015093093,383.67342775807924,5.879532649088989,194.62206,16.320105,383.924,693.0817,304.1155,12.515831,10,2.0,0.4373395,0.6300063,51.978344,25.252134,,10.912318,36.422466,3.5757842,0.062280733,850.1601,0.7267863,136.84404,0.6110004,347.37405,0.6479456,23.657158,1.0843098,18.449684,1.0526761,13.212744,145.1878,-37.4259
2009-03-15,-100.22052268259999,128.67344899199998,28.4529263094,133.72868977013368,13.892134018232639,0.29658905391963436,73.51948790964622,74.30220682168813,65.35495084518227,122.50474657258064,89.6733558467742,141.03689512102508,369.8281095116936,382.3157085092422,4.2336251967993945,194.62206,16.320105,383.596,693.0817,297.5511,9.010867,10,3.0,0.37006557,0.5211841,51.978344,25.252134,,10.912318,36.422466,66.12179,0.9400619,873.90796,0.7470573,74.90479,0.36878443,374.54742,0.76251996,16.556767,0.9849936,15.390225,0.9942122,7.9660964,145.1878,-37.4259
2009-04-15,-102.0804294744,102.3827809842,0.30235150980000114,93.40990603195306,11.065231504152234,0.3114127873134214,77.29238222782837,63.82641757456737,54.922219511309734,88.42227833333332,67.83632236111112,96.65058086548916,363.33861656657575,381.10567899030707,3.007891883246395,194.62206,16.320105,383.5,693.0817,293.02838,8.180648,10,4.0,0.4155463,0.56963044,51.978344,25.252134,,10.912318,36.422466,81.95102,0.9451882,927.0244,0.79085726,151.64859,0.7014168,422.96365,0.87574315,11.976145,1.014493,11.69774,0.95741063,5.4185047,145.1878,-37.4259
2009-05-15,-5.104305619341574,15.603952796439298,10.499647177097726,39.773725831729706,10.084997239129992,0.29273133212278024,80.85138712138568,12.4,63.21462823491313,36.435488986235065,16.869031052573867,50.3074147754478,349.54317801568664,380.3717076912561,2.3742090032906185,194.62206,16.320105,383.726,693.0817,284.94006,2.3892012,10,5.0,0.48565423,0.65050733,51.978344,25.252134,,10.912318,36.422466,35.74912,0.3576096,900.72034,0.7701497,183.82193,0.7162419,320.66595,0.66719913,8.43064,1.1002275,9.400868,1.0162596,3.132317,145.1878,-37.4259
2009-06-15,1.0660262921324333,0.0,0.0,8.664827130377198,7.81381116968912,0.3128635747692842,84.4434797324606,65.39999999999999,56.20391152532738,8.202168150884836,-0.2856136912317003,35.256280855074245,345.2256423633392,378.188792599602,1.65198308359397,194.62206,16.320105,384.016,693.0817,281.54578,1.4605799,10,6.0,0.52005136,0.6872914,51.978344,25.252134,,10.912318,36.422466,74.424835,0.594089,878.13025,0.75141555,192.12497,0.6190289,267.02975,0.5200414,5.8286047,1.0192437,6.9352026,1.0368122,1.4343182,145.1878,-37.4259
2009-07-15,-10.7377211304,0.0,0.0,4.587518177372025,6.740462765885453,0.33626040987087913,86.94575791789478,47.4,52.81566721818267,4.202484543010752,1.1701633064516128,37.06790365017046,341.83574237065284,367.81724961046524,1.287254678502633,194.62206,16.320105,384.417,693.0817,280.8935,1.5629268,10,7.0,0.54728657,0.72023094,51.978344,25.252134,,10.912318,36.422466,107.09039,0.8594429,847.16644,0.72742593,217.26434,0.63264674,368.91293,0.659215,6.3037763,0.98102313,6.180573,1.0500976,1.60037,145.1878,-37.4259
2009-08-15,-3.4685048729824475,0.0,0.0,16.95027683100287,8.399338003586589,0.3371102177068699,77.86935874919409,50.400000000000006,86.373665798659,15.52762814835299,2.5147353794626253,55.77987345828182,352.3631342011057,368.1344473737705,2.446461975443046,194.62206,16.320105,384.882,693.0817,282.17026,1.652472,10,8.0,0.5591523,0.7316324,51.978344,25.252134,,10.912318,36.422466,117.324776,0.9148606,830.036,0.71352196,298.84,0.80651987,482.66193,0.7695771,8.4026165,0.957056,7.3677917,1.1118478,1.8621176,145.1878,-37.4259
2009-09-15,8.24906516065093,0.0,5.127797856291412,28.423259662379174,9.660170476940518,0.33773783194444446,73.15223855732381,103.0,109.7208589435677,26.905597958184238,7.456830506822251,83.40860815080903,354.2857026388889,371.67780102388895,3.234339238190985,194.62206,16.320105,385.098,693.0817,285.80652,3.980198,10,9.0,0.53365797,0.7195948,51.978344,25.252134,,10.912318,36.422466,175.61342,1.5246919,966.7009,0.8297349,400.02856,1.100461,592.15356,0.8787289,12.657305,0.9629089,8.676327,1.027258,3.4231079,145.1878,-37.4259
2009-10-15,29.167162980485635,7.787179839652557,36.954342820138194,35.381675976023814,11.254745318579879,0.3178854997311828,74.26745918178322,30.804295089363315,167.95215264556856,32.41206697086769,35.28993789896646,136.64024316330378,372.14531774193546,374.83569067324254,3.4522396829993585,194.62206,16.320105,385.213,693.0817,291.9572,8.5707245,10,10.0,0.5521986,0.76105535,51.978344,25.252134,,10.912318,36.422466,75.97549,0.7514749,1009.1416,0.86226165,368.9137,1.072596,586.178,0.85278887,18.275988,1.0173721,10.236496,0.9505083,4.0884943,145.1878,-37.4259
2009-11-15,68.03248185767019,56.97241260559715,125.00489446326733,49.94237149234189,18.524612995402826,0.21811966424648183,64.87215884665683,119.42430202203616,165.075574023493,47.27569548364586,52.44368122630017,178.35464687617397,409.14245996914855,370.33643109179457,7.583805000506269,194.62206,16.320105,385.19,693.0817,302.73938,11.973637,10,11.0,0.531298,0.748931,51.978344,25.252134,,10.912318,36.422466,97.69542,0.9534975,968.7903,0.8265227,349.2843,1.088172,648.1243,0.9372558,22.81452,1.0465539,17.61575,1.3229187,11.522122,145.1878,-37.4259
2009-12-15,42.2622608950835,80.68188509350233,122.94414598858583,63.82842493657481,16.57563252739602,0.19127338591362492,70.2985747534079,75.21053815980825,112.53574822939737,58.47126023909048,51.52093536601844,218.40263756601908,404.26893664324155,369.41992277315063,5.6576840649072935,194.62206,16.320105,385.107,693.0817,296.3833,7.2705956,10,12.0,0.5713877,0.8265971,51.978344,25.252134,,10.912318,36.422466,63.86933,0.70382035,904.5986,0.7707755,237.54022,0.80078685,637.5688,0.96580327,25.318108,1.0549202,15.962711,1.0447164,10.4834585,145.1878,-37.4259
2010-01-15,20.975451969609438,130.9785149407493,151.95396691035876,74.92049914097261,18.14483557840595,0.1535840734341398,69.20727849382975,48.45556500943502,108.56486375107941,68.63236883672731,45.021470587005666,213.67728458354506,408.6145069892474,372.30010552781977,6.488518219855086,194.62206,3.0226674,385.073,693.0817,300.88672,9.873825,10,1.0,0.5838982,0.8540913,38.056065,58.03375,,10.912318,40.404995,104.6369,1.4024723,1004.02826,0.8579556,266.20166,0.9978553,635.11536,1.049805,25.41976,1.0439147,17.8629,1.0228122,12.647058,145.1878,-37.4259
2010-02-15,-22.207043110260468,135.3793456263344,113.17230251607396,79.08863450858638,18.073705720971105,0.2137326275070742,75.79712597710453,31.511790505728644,144.344608473363,80.21324141462777,53.62265842428845,162.29010878026452,392.7401870507501,373.10473687532,5.076771212708107,194.62206,3.0226674,384.816,693.0817,299.3882,7.2277317,10,2.0,0.6367462,0.9172602,38.056065,58.03375,,10.912318,40.404995,94.48688,1.6457123,1094.9393,0.9360436,262.9931,1.1742485,612.2774,1.1420612,20.468838,0.9381753,19.010489,1.0846736,9.709814,145.1878,-37.4259
2010-03-15,-111.41121231493395,201.09335642180892,89.68214410687497,82.7806042224597,15.292278886771836,0.2555208143813083,80.83891020086682,70.78028732932435,116.61324576640058,75.83276975814931,28.312563548659885,124.13974241392286,383.348135843821,378.1008405845409,3.357964453626728,194.62206,3.0226674,384.719,693.0817,294.27274,4.840708,10,3.0,0.6862661,0.966507,38.056065,58.03375,,10.912318,40.404995,139.00545,1.9762583,1167.8231,0.99830973,338.1292,1.664737,575.66943,1.1719729,16.361397,0.9733707,16.282034,1.0518233,6.999774,145.1878,-37.4259
2010-04-15,14.937590892385158,84.18345576132165,99.1210466537068,33.41814892152499,12.415493502777778,0.2592962004166667,88.30923945266728,38.400000000000006,23.69148430439569,31.63378479701146,2.137666839073163,72.87588413199305,374.9501284722223,381.71245660285933,1.6949498929148443,194.62206,3.0226674,385.017,693.0817,291.1868,4.459174,10,4.0,0.712166,0.97623646,38.056065,58.03375,,10.912318,40.404995,78.114365,0.9009379,1163.9863,0.9930127,311.6067,1.4412674,577.80835,1.196348,10.874592,0.9211811,13.57763,1.1112717,4.5460663,145.1878,-37.4259
2010-05-15,-18.887455248319828,80.8776597789457,61.990204530625874,21.06116117142849,8.361933005305385,0.32222278773013263,95.03622316517843,45.0,10.692619346569195,19.293483068330698,1.1699914459380514,51.38310565325407,352.7165528765325,391.48759936350837,0.5473234481770399,194.62206,3.0226674,385.399,693.0817,284.75214,2.3029785,10,5.0,0.70284015,0.941416,38.056065,58.03375,,10.912318,40.404995,68.95207,0.6897491,1197.1893,1.0236418,286.0719,1.1146476,549.065,1.1424216,7.8337913,1.0223367,9.299164,1.005265,2.3043487,145.1878,-37.4259
2010-06-15,-9.475165977045874,47.00167306542495,37.52650708837907,22.843821076489363,5.352175289502747,0.3379434249829776,97.89711065441023,79.4,5.359713043677041,21.624073839997802,-1.7707844565625512,35.68648385314747,340.06837044844195,375.4407948942853,0.1882515492376782,194.62206,3.0226674,385.903,693.0817,280.5206,1.2374325,10,6.0,0.69311166,0.916005,38.056065,58.03375,,10.912318,40.404995,148.98413,1.1892512,1271.7485,1.0882345,296.05057,0.95387846,634.1798,1.2350675,5.597827,0.9788878,6.133173,0.9169088,1.0370146,145.1878,-37.4259
2010-07-15,-17.128341581142372,65.66729966416467,48.53895808302231,26.42356756013325,5.259685710009072,0.33483308141055035,95.41977958664272,41.2,20.6295078471614,24.205818908879532,5.36052442048947,41.63248574886417,340.0188427723879,380.41814811527007,0.4073766700620793,194.62206,3.0226674,386.569,693.0817,280.65082,1.5845566,10,7.0,0.707805,0.93147373,38.056065,58.03375,,10.912318,40.404995,106.78913,0.85702515,1271.4474,1.091738,324.72534,0.9455598,636.33203,1.1370693,6.7174582,1.0454023,5.9162674,1.0051912,1.1069238,145.1878,-37.4259
2010-08-15,-24.035714427120016,65.79188298279658,41.75616855567658,32.59638245049683,4.602423608884409,0.3446071025537634,93.80492788880623,87.4,37.99660833137543,29.860545094287268,0.7463911798144944,54.87263178676499,336.8006752016129,379.4378625269609,0.5261584746919404,194.62206,3.0226674,387.212,693.0817,280.8819,2.2721958,10,8.0,0.7176705,0.93904823,38.056065,58.03375,,10.912318,40.404995,200.18752,1.5609975,1354.3102,1.1642026,455.96075,1.2305628,742.03265,1.183129,7.905225,0.9004032,5.4597073,0.8239054,1.1542579,145.1878,-37.4259
2010-09-15,-27.742407391877208,96.20192996594027,68.45952257406304,38.291285560536025,6.290076398208334,0.33136563472222225,90.46692557862279,49.0,93.80014738189236,36.2467200043716,10.459605023906715,86.67630118057778,346.7929667361111,374.4907707289025,0.911106168952697,194.62206,3.0226674,387.56,693.0817,282.20383,1.8711677,10,9.0,0.7025134,0.9472827,38.056065,58.03375,,10.912318,40.404995,154.67062,1.3428648,1333.3673,1.1444505,461.64728,1.2699714,757.6979,1.1243892,12.271607,0.9335668,7.1826653,0.85041183,1.7140068,145.1878,-37.4259
2010-10-15,-35.793381226559134,148.99972506388457,113.20634383732542,61.740386410254466,10.033596960299343,0.3097398989919355,84.98218006963415,169.00587898704825,163.68195266092437,56.558472258139325,24.54606603681172,154.71529694838006,366.171954905914,376.4395816326555,1.8555712152748718,194.62206,3.0226674,387.557,693.0817,289.96222,6.14561,10,10.0,0.71443933,0.98466,38.056065,58.03375,,10.912318,40.404995,190.30026,1.8822633,1447.6921,1.2369814,545.15845,1.5850177,869.8838,1.2655324,17.819696,0.9919717,10.6666155,0.990447,3.285529,145.1878,-37.4259
2010-11-15,-66.54637414373127,201.12925480719292,134.58288066346165,87.65275533042362,12.730394714583332,0.3115348336111111,92.16881155751398,108.22788359810096,181.00122264179166,82.97253104889175,26.544905426987153,178.67095407573404,381.73223909722225,382.11304903889976,1.1594071043349723,194.62206,3.0226674,387.407,693.0817,292.66696,6.0449305,10,11.0,0.7247362,1.0216063,38.056065,58.03375,,10.912318,40.404995,191.19484,1.8660425,1541.1915,1.3148664,536.1657,1.6703886,992.12646,1.434719,20.74161,0.9514648,13.472037,1.0117315,4.905519,145.1878,-37.4259
2010-12-15,-85.7360907425086,229.72583387263927,143.9897431301307,111.3272713836226,13.778840406379055,0.30859306261807107,94.35940377045092,114.16361757701368,111.67791664223583,101.98349502197446,21.96301140946393,196.35867208839005,386.11360332496383,374.3383435721139,0.8950925042020865,194.62206,3.0226674,387.165,693.0817,293.73694,6.1506147,10,12.0,0.7497661,1.0846479,38.056065,58.03375,,10.912318,40.404995,143.2636,1.5787206,1620.5857,1.3808421,524.7587,1.7690474,986.40594,1.4942294,21.778984,0.9074568,14.43633,0.9448188,5.5168424,145.1878,-37.4259
2011-01-15,-43.180352897521146,247.72336367254022,204.54301077501907,125.51611302362356,16.676245771505375,0.23072200685483873,81.28386322353101,127.25924626481476,106.45024376512094,114.98145718143772,27.430774027648162,203.80791019586624,403.64074999999997,303.8064956103795,3.5884137843880413,194.62206,2.6647124,387.019,693.0817,296.73697,5.991543,10,1.0,0.7378078,1.079221,33.442997,62.11942,,10.912318,41.692753,195.85037,2.6250272,1711.7992,1.4627553,530.30884,1.9878595,1075.4673,1.7776787,22.388773,0.9194409,17.595432,1.0074973,7.362531,145.1878,-37.4259
2011-02-15,-8.07781703474049,189.6535753529426,181.5757583182021,96.94428202129671,15.419265475446428,0.24616327425595239,79.18005689443737,146.48725271955658,82.75003059960565,98.32278867702284,23.860851020346043,165.50855568598223,396.40917098214294,286.6539570779332,3.6790211991994495,194.62206,2.6647124,387.091,693.0817,293.14932,3.4835014,10,2.0,0.75794286,1.0918492,33.442997,62.11942,,10.912318,41.692753,166.3886,2.8980505,1783.7008,1.5248532,505.50256,2.2570386,1041.6682,1.9429901,19.13327,0.87696046,16.515827,0.9423368,4.844194,145.1878,-37.4259
2011-03-15,-8.873602358120204,173.66183159214762,164.78822923402743,79.5411220768481,12.83707308114705,0.28755058455585886,86.13684935491884,67.89061745733886,59.002011878500674,72.86517963252481,17.961753985247793,127.67516342578863,380.53605168054173,284.8719396915257,2.0670286555836297,194.62206,2.6647124,387.146,693.0817,290.3809,3.1942387,10,3.0,0.7621574,1.0733889,33.442997,62.11942,,10.912318,41.692753,72.91026,1.0365746,1717.6057,1.4682895,435.14923,2.1424031,959.908,1.9542224,15.385958,0.91533995,14.036657,0.9067714,3.7744293,145.1878,-37.4259
2011-04-15,-1.9486464781346824,138.3399257359524,136.3912792578177,57.89502345617623,10.476433872916667,0.3246943115277778,87.70600808331417,125.31428571428572,32.09969862777778,54.803715104966834,3.3552449220702245,92.36482413020383,364.5641867361111,278.80852234157584,1.5651743665897941,194.62206,2.6647124,387.156,693.0817,287.8977,3.158144,10,4.0,0.765711,1.0496359,33.442997,62.11942,,10.912318,41.692753,128.8396,1.4859812,1768.3309,1.5085875,368.13846,1.7027425,898.4473,1.8602287,11.723893,0.99312496,11.589567,0.9485572,3.741627,145.1878,-37.4259
2011-05-15,-3.378089152690448,111.42053766861315,108.0424485159227,42.912467621307655,6.759537369422044,0.34633852190860215,74.75357789888571,73.2,13.383257066243278,39.310793964919526,0.8669373620541986,48.75022110216868,347.30497338709677,290.53862976735314,2.492795725466231,194.62206,2.6647124,387.403,693.0817,281.9138,0.795331,10,5.0,0.76372993,1.0229746,33.442997,62.11942,,10.912318,41.692753,112.34506,1.1238227,1811.7239,1.5490919,314.0949,1.2238362,819.59753,1.7053097,7.1156473,0.9286164,7.968463,0.8614126,1.610764,145.1878,-37.4259
2011-06-15,31.469127180455246,80.33855900839784,111.80768618885308,30.821410086271236,6.110261277061335,0.3363577951388889,62.46189026054902,46.0,7.095299719449305,29.175698992158605,-6.205435546125773,47.05532647034097,341.8449115972222,287.91719460489026,3.543036865216192,194.62206,2.6647124,387.832,693.0817,282.18423,2.2345471,10,6.0,0.7591901,1.0033332,33.442997,62.11942,,10.912318,41.692753,74.51755,0.594829,1737.2574,1.4865702,315.7022,1.0171963,750.85144,1.462286,6.0732427,1.0620234,6.7996936,1.0165535,1.713681,145.1878,-37.4259
2011-07-15,41.71819337341112,61.04874411298181,102.76693748639295,33.879992729038676,5.063920237824737,0.3533800979166667,73.76412358125205,56.0,8.744441390860887,31.036421057336206,-6.33451442117051,46.27844931464247,338.066520094086,301.81592176943803,2.30168810614949,194.62206,2.6647124,388.2,693.0817,280.56747,1.4642301,10,7.0,0.7467744,0.98275757,33.442997,62.11942,,10.912318,41.692753,119.0111,0.9551113,1749.4795,1.502204,305.87372,0.8906662,674.0122,1.2044005,6.2658124,0.975115,5.9532504,1.0114747,1.2278157,145.1878,-37.4259
2011-08-15,31.010989201365916,95.412836566849,126.42382576821493,34.609370843036956,7.17017048938172,0.3300116722446237,79.57968046958725,28.199999999999996,23.348527471706987,31.704581952089118,-0.632426465903341,78.40396577116539,347.61919341397845,311.19955530888507,2.0743790562665816,194.62206,2.6647124,388.636,693.0817,285.10202,3.940876,10,8.0,0.7440134,0.97351706,33.442997,62.11942,,10.912318,41.692753,77.09899,0.601193,1626.3909,1.3980906,270.62766,0.7303794,584.72253,0.9323069,9.69575,1.1043437,8.01115,1.2089348,2.6508372,145.1878,-37.4259
2011-09-15,-13.602625167042465,145.4749824684099,131.8723573013674,64.91564909514832,8.087381632535454,0.3115516428736182,70.99657365642261,91.4,68.74877144765726,61.44947400457405,10.726591049434534,113.9948375902715,351.4189976515363,315.4476852601906,3.1383770814162824,194.62206,2.6647124,389.128,693.0817,286.63757,4.4731703,10,9.0,0.7429406,1.0017955,33.442997,62.11942,,10.912318,41.692753,129.3254,1.122815,1601.0458,1.3742033,325.4355,0.8952587,641.1377,0.9514192,14.101456,1.0727732,9.014409,1.0672863,4.0122747,145.1878,-37.4259
2011-10-15,-115.19827078680001,266.2668285102,151.06855772339998,121.75645238832738,10.172133826698586,0.3341173438144836,74.63958540281646,74.0911670851005,147.20671962665426,111.53734751344085,40.030579099462365,137.2954915719299,358.9259862649045,321.5279898908777,3.1629918684945015,194.62206,2.6647124,389.262,693.0817,289.9674,5.520275,10,10.0,0.7437662,1.0250791,33.442997,62.11942,,10.912318,41.692753,96.391525,0.95341027,1507.137,1.2877741,302.81592,0.8804204,608.68964,0.8855395,17.522253,0.97541386,11.297138,1.0489941,3.8772366,145.1878,-37.4259
2011-11-15,-202.1907068424,382.12785961739996,179.937152775,168.63922971959568,13.190756740052315,0.3067947225061837,81.63735495711533,172.32620624568256,156.14556032048105,159.6347276388889,58.836808402777784,155.34531366719503,378.7034803279472,332.5778979335504,2.802867217540233,194.62206,2.6647124,389.072,693.0817,292.38974,4.7305164,10,11.0,0.75541884,1.0648574,33.442997,62.11942,,10.912318,41.692753,202.69896,1.9783216,1518.6411,1.2956276,428.4159,1.3347012,699.0436,1.0108904,20.887531,0.9581585,14.50923,1.0896232,5.651768,145.1878,-37.4259
2011-12-15,-256.1787736776,449.22303875160003,193.04426507399998,204.62397718454514,13.612786515529361,0.29213111452250207,79.77550827987336,106.53585404897872,183.63501033192202,187.44974254032257,73.6118372983871,195.6671688339225,374.3372846953743,344.25355830594134,3.174405951084877,194.62206,2.6647124,388.942,693.0817,294.86407,6.6699343,10,12.0,0.7485195,1.0828445,33.442997,62.11942,,10.912318,41.692753,92.87153,1.0234156,1468.249,1.2510415,391.962,1.3213679,717.3975,1.0867295,23.785927,0.99107933,15.044147,0.98459876,7.322156,145.1878,-37.4259
2012-01-15,-172.453725378,406.32070609619996,233.8669807182,206.9300679898924,16.276902502180675,0.23727898908520484,72.47658911452355,48.5922134575442,167.68787433988487,189.5622815188172,54.735531048387095,182.64409449009224,382.7056645926393,356.7626715990683,5.142386047856424,194.62206,0.78671575,388.819,693.0817,297.93057,6.995016,10,1.0,0.7221703,1.0563474,35.688114,62.477863,,10.912318,50.20289,63.744507,0.85438216,1336.1432,1.1417522,359.315,1.3468901,662.1309,1.0944601,23.3977,0.96087456,17.785563,1.018384,10.221571,145.1878,-37.4259
2012-02-15,1.8541594109284887,236.2084547926903,238.0626142036188,130.48838060233055,15.913804178549078,0.20423063441316672,79.9641148958838,80.24813882738319,82.44756974634352,127.78028841230773,22.10381783156611,151.52774604411533,390.86673563260194,377.63395042902147,3.6562748626715793,194.62206,0.78671575,388.79,693.0817,295.47418,4.8180523,10,2.0,0.70111334,1.0099838,35.688114,62.477863,,10.912318,50.20289,136.19862,2.372221,1305.9531,1.1164355,292.81464,1.3073997,721.2305,1.345288,20.97119,0.96120024,17.506136,0.99884045,8.533788,145.1878,-37.4259
2012-03-15,54.596648306110275,204.73370211315068,259.330350419261,110.38974208169134,12.817612239919356,0.30313790766129034,95.58619798780688,67.8371053453553,28.19602998350134,101.12465321521725,13.797191365906956,98.68965316529274,376.9320299731183,365.8248603840946,0.6572587617275704,194.62206,0.78671575,388.826,693.0817,290.54694,3.2986183,10,3.0,0.73783845,1.0391393,35.688114,62.477863,,10.912318,50.20289,120.55512,1.7139477,1353.598,1.1571188,320.49826,1.5779332,712.46027,1.4504576,14.931667,0.88831335,14.098324,0.91075504,4.2507405,145.1878,-37.4259
2012-04-15,64.86299595283818,174.18777924595594,239.0507751987941,66.65447515654142,10.847446045218094,0.2647458659803102,93.68053278687422,59.39999999999999,7.022375172343386,63.095455341084104,5.540483350183312,68.68057244986989,366.4697188420978,364.8312507321996,0.8249160674106575,194.62206,0.78671575,389.0,693.0817,290.0244,4.4514284,10,4.0,0.75273484,1.0318482,35.688114,62.477863,,10.912318,50.20289,73.29088,0.84530586,1298.0493,1.1073837,330.04462,1.5265479,689.3596,1.427314,11.822219,1.001454,12.422992,1.0167695,4.684967,145.1878,-37.4259
2012-05-15,78.55746551904144,111.09007879970599,189.64754431874744,43.197917878077355,7.016416064876207,0.3392252198467806,92.49417855101298,74.4,11.670786169829043,39.57228618042511,-3.8814170060551723,53.68632511263923,347.653260844816,397.9549371839112,0.7544110290661539,194.62206,0.78671575,389.287,693.0817,283.5291,2.085969,10,5.0,0.7446471,0.9974142,35.688114,62.477863,,10.912318,50.20289,110.518425,1.1055503,1296.2227,1.108319,304.36444,1.1859225,597.1791,1.242531,7.450691,0.9723408,8.293151,0.8965122,2.0209885,145.1878,-37.4259
2012-06-15,52.41641734865167,98.10048162115122,150.51689896980292,25.328468210165195,5.432725580236111,0.3511197388888889,95.72506556176508,57.400000000000006,6.630510464215278,23.976053086597727,-5.7399272716385,45.3551161461484,339.82628604166666,404.75064404175606,0.38485700441791365,194.62206,0.78671575,389.712,693.0817,280.10458,0.6806402,10,6.0,0.7623461,1.0075041,35.688114,62.477863,,10.912318,50.20289,148.43631,1.1848783,1370.1414,1.1724292,332.2456,1.0704993,652.7439,1.2712212,5.678908,0.9930664,6.2739496,0.9379549,1.3125933,145.1878,-37.4259
2012-07-15,59.399836846911576,94.59696847181371,153.99680531872528,28.47681620239362,5.364715502768816,0.3662199129032258,95.27354658749559,68.99999999999999,10.786070857964987,26.086736945263212,-0.9505927018820773,47.20146364574684,339.8825249327957,410.67302857591085,0.42348564209523987,194.62206,0.78671575,390.378,693.0817,279.8989,0.57511854,10,7.0,0.7672118,1.0096533,35.688114,62.477863,,10.912318,50.20289,166.76993,1.3383949,1417.9001,1.2174908,425.72467,1.2396573,755.7693,1.3504932,6.2048645,0.96563,6.173783,1.0489439,1.1517683,145.1878,-37.4259
2012-08-15,9.325500984754246,119.34006611382242,128.66556709857664,46.66835344967596,5.063505268024194,0.3668932386424731,88.3894134891021,61.00000000000001,24.313456518422715,42.7514456481948,-4.602001859527003,77.230692545707,338.36184032258063,400.9032316859258,1.0185735998676602,194.62206,0.78671575,391.05,693.0817,281.42795,2.1767044,10,8.0,0.7362749,0.9633915,35.688114,62.477863,,10.912318,50.20289,156.89256,1.2233974,1497.6937,1.287459,472.09882,1.2741169,776.46326,1.2380266,8.27903,0.9429795,6.1012497,0.9207184,1.696382,145.1878,-37.4259
2012-09-15,8.498072086733604,125.12364804114792,133.62172012788153,65.71090714901877,7.743317065763889,0.34489589569444445,80.53176080652754,36.8,46.670327874503485,62.202269205568065,5.905610957177446,115.92692996585058,351.9235022222222,391.99259483615816,2.057376898475874,194.62206,0.78671575,391.479,693.0817,284.0774,2.0435133,10,9.0,0.7272439,0.98062974,35.688114,62.477863,,10.912318,50.20289,72.252014,0.6272987,1440.6204,1.2365075,395.9145,1.0891434,728.1601,1.0805564,13.334537,1.0144296,8.883885,1.0518326,3.467873,145.1878,-37.4259
2012-10-15,-36.4750199530413,191.09980419036253,154.62478423732125,82.13258195396892,9.550276944892474,0.3315131329301075,78.17847450061832,34.28449185239711,76.90149852107528,75.23913645544286,21.209128084650096,154.82161592549807,362.5575913306452,394.35398242902176,2.6092874449266885,194.62206,0.78671575,391.519,693.0817,288.373,4.4588156,10,10.0,0.73383784,1.0113956,35.688114,62.477863,,10.912318,50.20289,61.334778,0.6066634,1405.5635,1.2009846,290.47937,0.8445525,716.20404,1.0419545,18.62044,1.0365467,10.764176,0.99950594,5.4358587,145.1878,-37.4259
2012-11-15,-62.005134424678914,273.10962761046795,211.10449318578907,112.52553929440481,12.982025050694443,0.2557591619444445,77.17791389679616,47.07091966210237,112.9203763310486,106.51723117775913,40.418746986023464,210.2164224187996,380.7297350694444,389.38212724351985,3.4357074787475583,194.62206,0.78671575,391.319,693.0817,292.56094,4.939292,10,11.0,0.7361734,1.0377285,35.688114,62.477863,,10.912318,50.20289,54.79681,0.5348114,1257.6613,1.0729728,188.3836,0.58689654,660.4824,0.9551269,22.62098,1.0376757,14.471658,1.0868016,7.3563848,145.1878,-37.4259
2012-12-15,-109.88891750043113,371.65539042213106,261.7664729216999,152.0602246309379,14.130164127016132,0.1951937874327957,75.54784314071857,23.67381832694488,126.2588268546875,139.29770279064715,34.812505309845804,231.98262129081718,385.98238219086016,383.183828790869,3.9710802747391813,194.62206,0.78671575,391.236,693.0817,295.2408,6.170637,10,12.0,0.7257863,1.0499575,35.688114,62.477863,,10.912318,50.20289,44.92209,0.49502754,1209.712,1.0307516,161.05368,0.54293823,556.96814,0.8437076,24.385891,1.0160779,15.920183,1.041933,9.944061,145.1878,-37.4259
2013-01-15,-109.75105721643405,379.93585359051747,270.1847963740834,136.64481010982166,16.298489484543012,0.17006323065188172,68.2758861449336,18.74721886124598,148.11513347795025,125.17611487658992,60.65651941955015,266.68381146396166,397.69504422043013,379.6995632012913,5.935529062751957,194.62206,2.4847746,391.28,693.0817,299.3667,7.6970406,10,1.0,0.6641082,0.97141767,29.56735,65.93131,,10.912318,65.27777,9.009173,0.120752,1154.9767,0.986943,108.72807,0.40756652,399.20746,0.6598644,27.526955,1.130451,18.519665,1.060418,14.343243,145.1878,-37.4259
2013-02-15,-9.414072091490567,270.5467331599405,261.13266106845,97.25932467252471,17.319354130208335,0.16624296708333336,70.63936371399511,73.19537972405476,111.89907912543897,98.64231110139988,38.120299062005486,195.43721939719867,402.127572172619,395.0669155381627,5.867619928387991,194.62206,2.4847746,391.481,693.0817,300.31567,7.656399,10,2.0,0.6589237,0.9492078,29.56735,65.93131,,10.912318,65.27777,89.90305,1.5658741,1108.6812,0.9477913,143.83432,0.6422116,332.21793,0.61967534,21.898275,1.0036926,19.509281,1.1131331,13.235359,145.1878,-37.4259
2013-03-15,6.116703727428466,252.42966305616196,258.54636678359043,86.41778455488975,15.12744365793011,0.17031145308467743,75.62100276613529,49.44562256670594,71.8072492376008,79.16467898143574,13.10845521799779,135.45979675429436,390.23729233870966,396.73985813290636,4.226667462666096,194.62206,2.4847746,391.8,693.0817,294.91248,4.5886555,10,3.0,0.7048773,0.9927182,29.56735,65.93131,,10.912318,65.27777,82.39911,1.1714787,1070.5251,0.91513485,181.31134,0.8926638,342.36502,0.6970016,17.148726,1.0202104,17.173826,1.1094333,10.323219,145.1878,-37.4259
2013-04-15,3.879547210234475,53.744987366364015,57.6245345765985,15.413767691517368,11.066473259351621,0.18660032119700748,95.42533626193642,1.3999999999999966,42.013656777231915,52.39570574661543,7.4172095709514965,70.76564894767581,368.5022179551122,393.0168377885203,0.6060187563633598,194.62206,2.4847746,392.14,693.0817,286.74948,1.1272192,10,4.0,0.763891,1.047141,29.56735,65.93131,,10.912318,65.27777,43.62148,0.5031116,1040.8558,0.8879684,215.92363,0.9987067,324.65173,0.67218906,12.250583,1.0377406,12.472268,1.0208025,4.678773,145.1878,-37.4259
